alleles	global	asian	arab	austronasian	black	caucasian
A*01:01	0.07206711409395973	0.085175	0.085175	0.035092000000000005	0.035092000000000005	0.13472692307692308
A*01:02	0.002681954887218045	0.003025	0.003025	0.0027	0.0027	0.0009
A*01:03	0.004613000000000001	0.0037875	0.0037875	0.0	0.0	0.000291304347826087
A*01:04	0.0			0.0	0.0	0.0
A*01:06	0.00020754716981132075	0.00015	0.00015	0.0	0.0	0.00021818181818181816
A*01:07	2.3529411764705884e-05	0.0	0.0			0.0
A*01:08	6.6666666666666675e-06	0.0	0.0			1.6666666666666667e-05
A*01:09	0.00046538461538461534	0.0	0.0			0.0
A*01:10	4E-05	0.0	0.0			0.0
A*01:11	0.0002666666666666667					0.0
A*01:12	0.00015					0.0
A*01:13	6.153846153846154e-05					0.0
A*01:14	4.545454545454546e-05					3.333333333333333e-05
A*01:15	0.0					0.0
A*01:16	0.00025					0.0
A*01:17	0.003178260869565217	0.0003	0.0003			0.0
A*01:18	0.00030769230769230765					0.0
A*01:19	0.0					0.0
A*01:20	0.0	0.0	0.0			0.0
A*01:21	0.0					0.0
A*01:22	0.0					0.0
A*01:23	0.00191	0.0001	0.0001			0.0
A*01:24	0.0					0.0
A*01:25	0.00021052631578947367	0.0	0.0	0.0	0.0	0.0
A*01:26	0.00074					0.0
A*01:27	0.0					0.0
A*01:28	0.0	0.0	0.0			0.0
A*01:29	0.0					0.0
A*01:30	0.0	0.0	0.0			0.0
A*01:31	0.0					0.0
A*01:32	0.0					0.0
A*01:33	0.0					0.0
A*01:35	0.0					
A*01:36	0.003994444444444445	0.0003	0.0003			
A*01:37	5E-05					0.0001
A*01:38	5E-05					0.0001
A*01:39	5E-05					0.0001
A*01:40	0.0					0.0
A*01:41	0.0					
A*01:42	0.0					
A*01:43	0.0					
A*01:44	3.333333333333333e-05					5E-05
A*01:45	0.0					
A*01:46	0.0					
A*01:47	0.0					
A*01:48	0.0					
A*01:49	0.0					
A*01:50	0.0					
A*01:51	0.0					
A*01:66	0.0					0.0
A*01:85	0.0					0.0
A*01:86	0.0001					
A*01:91	0.0	0.0	0.0			
A*02	0.2703142045454545	0.20264736842105266	0.20264736842105266	0.42451000000000005	0.42451000000000005	0.2764934782608695
A*02:01	0.1192635	0.0998130434782609	0.0998130434782609	0.20344444444444448	0.20344444444444448	0.2277366666666667
A*02:02	0.01590163043478261	0.026118181818181815	0.026118181818181815	0.009677777777777778	0.009677777777777778	0.0025725
A*02:03	0.026688607594936714	0.00037999999999999997	0.00037999999999999997	0.0006000000000000001	0.0006000000000000001	0.00025217391304347824
A*02:04	0.005615476190476191	0.0	0.0	0.080525	0.080525	8.571428571428573e-05
A*02:05	0.012617410714285713	0.025692857142857142	0.025692857142857142	0.0065	0.0065	0.011720408163265307
A*02:06	0.031531759656652364	0.0023625	0.0023625	0.1200470588235294	0.1200470588235294	0.002871794871794872
A*02:07	0.03645	0.0001	0.0001	0.00025	0.00025	0.0006583333333333333
A*02:08	0.0007150684931506849	0.0025333333333333328	0.0025333333333333328	0.0	0.0	0.00040476190476190484
A*02:09	0.0014380952380952385	0.0	0.0	0.0	0.0	0.00015384615384615382
A*02:10	0.0009070796460176992	0.0	0.0	3	3	4.166666666666667e-06
A*02:11	0.008294086021505376	0.001425	0.001425	0.0112625	0.0112625	0.0004333333333333333
A*02:12	0.00601743119266055	0.0	0.0	0.1224	0.1224	1.5625e-05
A*02:13	0.0008045871559633028	0.0	0.0	0.005549999999999999	0.005549999999999999	2.1428571428571428e-05
A*02:14	0.000965	0.0009000000000000002	0.0009000000000000002	0.0032	0.0032	1.1111111111111113e-05
A*02:15	8.484848484848485e-05	0.0010666666666666667	0.0010666666666666667	0.0001	0.0001	9.090909090909093e-06
A*02:16	0.0006923076923076925	4.545454545454546e-05	4.545454545454546e-05	0.0	0.0	0.0
A*02:17	0.003486577181208054	0.0013888888888888892	0.0013888888888888892	0.019080000000000003	0.019080000000000003	0.002235294117647059
A*02:18	5.178571428571428e-05	0.0	0.0	0.0	0.0	0.0
A*02:19	0.003185365853658537	0.0	0.0	0.040683333333333335	0.040683333333333335	0.0
A*02:20	0.0008813725490196078	6.666666666666667e-05	6.666666666666667e-05	0.0025	0.0025	0.0007291666666666668
A*02:21	0.00019787234042553195	0.0	0.0	6.666666666666667e-05	6.666666666666667e-05	0.0
A*02:22	0.0044234782608695645	0.001542857142857143	0.001542857142857143	0.03871428571428572	0.03871428571428572	0.00038
A*02:23	0.0			0.0	0.0	
A*02:24	0.0015774647887323945	0.0019	0.0019	0.0	0.0	0.00040000000000000013
A*02:25	0.000405084745762712	0.0	0.0	0.0	0.0	0.00036363636363636367
A*02:26	0.00022678571428571425	0.0	0.0	0.0	0.0	0.00025714285714285715
A*02:27	0.00021607142857142856	0.0016	0.0016	0.0	0.0	7.64705882352941e-05
A*02:28	0.00020357142857142856	0.0	0.0	0.0004	0.0004	0.0
A*02:29	0,003125	0.0	0.0	0.0	0.0	1E-05
A*02:30	0.0002617021276595744	0.0	0.0	0.0	0.0	0.0003625
A*02:31	0.0	0.0	0.0			0.0
A*02:32	0.0	0.0	0.0			0.0
A*02:33	0.0006875000000000001	0.0	0.0			0.0
A*02:34	0.0015352941176470587	0.0	0.0			0.0005777777777777778
A*02:35	0.00019361702127659576	0.0021	0.0021	0.0	0.0	0.00018571428571428566
A*02:36	0.0010351851851851852	0.0022	0.0022			5E-05
A*02:37	0.0003125000000000001	0.0	0.0			0.0
A*02:38	0.0003333333333333333	0.0	0.0			6.25e-05
A*02:39	2.5000000000000005e-05	0.0	0.0			1.6666666666666667e-05
A*02:40	0.00031818181818181815	0.00315	0.00315	0.0001	0.0001	0.00014285714285714287
A*02:41	0.0	0.0	0.0			0.0
A*02:42	6.500000000000001e-05	0.0	0.0			0.0
A*02:43	2.5e-05	0.00015	0.00015			0.0
A*02:44	0.004234615384615384	0.0	0.0	0.0	0.0	0.00028571428571428574
A*02:45	0.0004095238095238096	0.0016	0.0016			1.4285714285714289e-05
A*02:46	0.0014	0.0	0.0			0.0
A*02:47	0.0					0.0
A*02:48	0.0014941176470588235					0.0
A*02:49	4.761904761904762e-05	0.0	0.0			0.0
A*02:50	0.00915					0.0
A*02:51	6.25e-05	0.0	0.0			0.0
A*02:52	0.0053					1.4285714285714289e-05
A*02:53	0.00010588235294117646					0.0
A*02:54	0.0005411764705882354			0.0002	0.0002	0.0
A*02:55	0.00016					0.000175
A*02:56	5.882352941176471e-06	0.0	0.0			1.25e-05
A*02:57	0.00011999999999999999					0.0
A*02:58	0.00032631578947368416			0.0002	0.0002	0.0
A*02:59	0.0					0.0
A*02:60	0.00028399999999999996					0.0001
A*02:61	0.0021461538461538467					0.0
A*02:62	0.0					0.0
A*02:63	0.0					0.0
A*02:64	4.000000000000001e-05	0.0	0.0			8.571428571428573e-05
A*02:65	0.00037	0.0032	0.0032			0.0
A*02:66	2.857142857142857e-05			0.0002	0.0002	0.0
A*02:67	0.0002222222222222222					0.0004
A*02:68	0.00025454545454545456			0.0002	0.0002	0.0
A*02:69	0.0					0.0
A*02:70	0.0					0.0
A*02:71	0.0					0.0
A*02:72	0.0					0.0
A*02:73	2E-05					0.0
A*02:74	0.00014285714285714287					0.0
A*02:75	0.0					0.0
A*02:76	0.0					0.0
A*02:77	0.0					0.0
A*02:78	8.333333333333333e-05					0.0
A*02:79	0.000125					0.0
A*02:80	0.0					0.0
A*02:81	0.0					0.0
A*02:82	0.0					0.0
A*02:83	0.0					0.0
A*02:84	1.4285714285714289e-05			0.0001	0.0001	0.0
A*02:85	0.0002	0.0005	0.0005			0.00015
A*02:86	0.0003555555555555556	0.0016	0.0016			0.0
A*02:87	2E-05					0.0
A*02:88	0.0					0.0
A*02:89	0.0					0.0
A*02:90	0.0005	2	2			0.0
A*02:91	0.0					0.0
A*02:92	0.0					0.0
A*02:93	0.00015	0.0002	0.0002	0.0002	0.0002	2.5e-05
A*02:94	0.0					0.0
A*02:95	0.0					0.0
A*02:96	0.0					0.0
A*02:97	0.0					0.0
A*02:99	0.0					0.0
A*03	0.08324063400576369	0.11641578947368418	0.11641578947368418	0.01155	0.01155	0.11592903225806447
A*03:01	0.052074772036474176	0.05116875	0.05116875	0.03763157894736842	0.03763157894736842	0.12717499999999998
A*03:02	0.013041954022988505	0.022353846153846155	0.022353846153846155	0.0029	0.0029	0.004490243902439024
A*03:03	0.0			0.0	0.0	0.0
A*03:04	0.00018421052631578948	3.333333333333333e-05	3.333333333333333e-05	0.0	0.0	0.0
A*03:05	0.00012045454545454546	5E-05	5E-05	0.0001	0.0001	0.00037272727272727273
A*03:06	0.0	0.0	0.0			0.0
A*03:07	0.0005481481481481482	0.00315	0.00315			0.0
A*03:08	0.001476923076923077	0.0	0.0			1.4285714285714289e-05
A*03:09	1.1111111111111113e-05	0.0	0.0	0.0	0.0	0.0
A*03:10	0.0003157894736842105	0.0016	0.0016			0.0
A*03:11	0.00025714285714285715					0.0
A*03:12	0.0007533333333333334					0.0001333333333333333
A*03:13	0.0					0.0
A*03:14	2E-05					0.0
A*03:15	0.0					0.0
A*03:16	1E-05					2.5e-05
A*03:17	0.0					0.0
A*03:18	0.00064	0.0032	0.0032			0.0
A*03:19	3.333333333333333e-05					0.0
A*03:20	0.00012000000000000003	0.0	0.0			0.0002
A*03:21	0.0					0.0
A*03:22	0.00014					0.00016666666666666666
A*03:23	0.0					0.0
A*03:24	0.0					0.0
A*03:25	0.00025					0.0003333333333333333
A*03:26	3.333333333333333e-05					5E-05
A*03:27	0.01525			0.0002	0.0002	0.0
A*03:28	0.0					0.0
A*03:29	0.0					0.0
A*03:30	0.0					0.0
A*03:31	0.0					0.0
A*03:32	0.0					0.0
A*03:33	4E-05					5E-05
A*03:34	0.0006					0.0
A*03:35	0.0					0.0
A*03:36	0.0					0.0
A*03:37	0.0					0.0
A*03:38	0.0					0.0
A*03:39	0.0					0.0
A*03:40	0.0					0.0
A*03:41	0.0					0.0
A*03:42	8.181818181818183e-05	5E-05	5E-05			0.0
A*03:43	0.0					0.0
A*03:44	0.0					0.0
A*03:45	0.0					0.0
A*03:46	0.0					0.0
A*03:47	0.0					0.0
A*03:48	0.0					0.0
A*03:49	0.0					0.0
A*03:50	0.000225	5E-05	5E-05			0.0
A*03:51	0.0					
A*03:52	0.0					
A*03:53	0.0					
A*03:54	0.0					
A*03:55	0.0					
A*03:56	0.0016	0.0032	0.0032			
A*03:57	0.0					
A*03:58	0.0					
A*03:59	0.0					
A*03:60	0.0					
A*03:61	0.0					
A*03:62	0.0					
A*03:63	0.0					
A*03:64	0.0					0.0
A*03:65	0.0002					0.0004
A*03:66	0.0					0.0
A*03:67	0.0					
A*03:68	0.0					
A*03:69	0.0009000000000000002	0.0032	0.0032			0.0002
A*03:70	0.0					
A*03:71	0.0					
A*03:72	0.0					
A*03:73	0.0					
A*03:74	0.0					0.0
A*03:77	0.0					0.0
A*03:79	0.0					0.0
A*03:81	0.0					0.0
A*03:88	0.0					0.0
A*03:89	1					
A*03:97	0.00022					0.000275
A*03:98	0.0					
A*11	0.07508433048433047	0.05437368421052631	0.05437368421052631	0.012028571428571428	0.012028571428571428	0.06500752688172041
A*11:01	0.10572904290429044	0.05213125	0.05213125	0.01925	0.01925	0.058523529411764724
A*11:02	0.015966666666666667	2.5e-05	2.5e-05	0.0	0.0	4.615384615384616e-05
A*11:03	0.0014883116883116884	4E-05	4E-05	0.0003333333333333333	0.0003333333333333333	0.0
A*11:04	0.0015245098039215685	6.0000000000000015e-05	6.0000000000000015e-05	0.0062250000000000005	0.0062250000000000005	5.7142857142857155e-05
A*11:05	0.0006869565217391304	3.333333333333333e-05	3.333333333333333e-05	0.0	0.0	1.25e-05
A*11:06	0.002034482758620689	0.0	0.0			0.00014285714285714287
A*11:07	2.7777777777777776e-05	0.0	0.0			0.0
A*11:08	2.5e-05	0.0	0.0			5.7142857142857155e-05
A*11:09	0.0003033333333333333	3.333333333333333e-05	3.333333333333333e-05			0.0003
A*11:10	0.001414285714285714					0.0
A*11:11	5E-05	0.0001	0.0001			0.0
A*11:12	0.003488571428571429	0.0	0.0			0.0006
A*11:13	0.00043571428571428575					0.0
A*11:14	0.0005272727272727271					0.0
A*11:15	0.0003384615384615384					0.0
A*11:16	0.0					0.0
A*11:17	0.002388888888888889					0.0
A*11:18	1.4285714285714289e-05	0.0	0.0			3.333333333333333e-05
A*11:19	0.00042					2.5e-05
A*11:20	0.0005666666666666668					0.0
A*11:21	0.0					0.0
A*11:22	0.0					0.0
A*11:23	0.0004888888888888889					0.0
A*11:24	0.00038888888888888887	0.0016	0.0016			0.0
A*11:25	0.0	0.0	0.0			0.0
A*11:26	0.0					0.0
A*11:27	0.0					0.0
A*11:29	0.0003					7.5e-05
A*11:30	0.0					0.0
A*11:31	0.0					0.0
A*11:32	0.0					0.0
A*11:33	0.000725					0.0
A*11:34	0.0					0.0
A*11:35	0.0					0.0
A*11:36	1					0.0
A*11:37	0.00032					0.0
A*11:38	0.0					0.0
A*11:39	0.0					0.0
A*11:40	7.5e-05					0.00015
A*11:41	0.0					
A*11:42	0.0					
A*11:43	5E-05					
A*11:44	0.0					
A*11:45	0.0					
A*11:46	0.0					
A*11:47	0.0					0.0
A*11:48	0.0					
A*11:49	0.0					0.0
A*11:50	0.0					
A*11:51	0.0					
A*11:52	0.0					
A*11:54	0.0					
A*11:55	0.0					
A*11:57	0.0					
A*11:58	0.0005					
A*11:59	0.0					0.0
A*11:61	0.0					0.0
A*11:65	0.0					
A*11:70	0.0					0.0
A*11:73	0.0032	0.0032	0.0032			
A*11:81	0.0					0.0
A*11:96	0.0					
A*23	0.03220811688311689	0.04996315789473685	0.04996315789473685	0.009957142857142859	0.009957142857142859	0.03421098901098901
A*23:01	0.03246889763779527	0.047535714285714285	0.047535714285714285	0.013200000000000002	0.013200000000000002	0.0225469387755102
A*23:02	0.0004	0.0	0.0			0.001157142857142857
A*23:03	0.00029777777777777783	0.0016	0.0016			3.333333333333333e-05
A*23:04	0.0007475	0.00315	0.00315			0.000125
A*23:05	0.0010769230769230767	0.0	0.0			0.00025
A*23:06	0.00012307692307692307	0.0	0.0			0.0
A*23:07	0.0					0.0
A*23:08	0.0					0.0
A*23:09	0.00018181818181818183					0.0
A*23:10	0.0003157894736842105					0.0
A*23:11	0.00016842105263157895					0.0
A*23:12	0.0	0.0	0.0			0.0
A*23:13	0.000375	0.0	0.0			0.0
A*23:14	6.666666666666667e-05					0.0
A*23:15	1.6666666666666667e-05	0.0	0.0			0.0
A*23:16	0.00022857142857142862					0.0
A*23:17	0.0084	0.0032	0.0032			5E-05
A*23:18	0.0					0.0
A*23:19	0.0					0.0
A*23:20	0.00015					
A*23:21	0.0					
A*23:22	0.0					
A*23:23	0.0					
A*23:24	0.0					0.0
A*23:25	0.0016	0.0032	0.0032			
A*23:27	5E-05					
A*23:28	0.0					
A*23:29	4.444444444444445e-05					0.0
A*23:30	0.0	0.0	0.0			
A*23:31	3.333333333333333e-05					
A*23:40	0.0					0.0
A*23:48	0.0					0.0
A*24	0.13880702247191012	0.12597894736842108	0.12597894736842108	0.16278	0.16278	0.1099153846153846
A*24:02	0.12164461942257215	0.04527727272727273	0.04527727272727273	0.2185757575757576	0.2185757575757576	0.09194
A*24:03	0.005420975609756097	0.009569230769230769	0.009569230769230769	0.02322500000000001	0.02322500000000001	0.003652631578947368
A*24:04	0.003836904761904762	0.00296	0.00296	0.00395	0.00395	0.0001
A*24:05	0.0004699999999999999	3	3	0.0003333333333333333	0.0003333333333333333	0.0006153846153846153
A*24:06	0.0018714285714285714	0.0019	0.0019	16	16	2.1428571428571425e-05
A*24:07	0.011979878048780488	0.0009857142857142855	0.0009857142857142855	0.00086	0.00086	0.0005615384615384615
A*24:08	0.0007608108108108107	0.0	0.0	0.0	0.0	0.0
A*24:09	4.347826086956522e-05	0.0	0.0	0.0	0.0	0.00014285714285714287
A*24:10	0.003525252525252525	7.5e-05	7.5e-05	0.0	0.0	4.2857142857142856e-05
A*24:11	0.0006666666666666666	0.0048	0.0048	0.0	0.0	0.0
A*24:12	0.0016	0.0032	0.0032			
A*24:13	0.0008847222222222221	0.0	0.0	0.0	0.0	0.00016428571428571428
A*24:14	0.0016478260869565214	0.00064	0.00064	0.0139	0.0139	0.0
A*24:15	0.00024054054054054052	0.0	0.0	0.0	0.0	0.0
A*24:16	5E-05	0.0	0.0	0.0	0.0	
A*24:17	0.0026119999999999997	0.0017	0.0017	0.0048	0.0048	0.00045555555555555567
A*24:18	0.00038787878787878796	0.0	0.0	0.0	0.0	0.000488888888888889
A*24:19	0.00018823529411764707	0.0032	0.0032	0.0	0.0	0.0
A*24:20	0.003695652173913044	0.0	0.0	0.0	0.0	0.0
A*24:21	0.000465	0.0016	0.0016			0.0
A*24:22	0.0001372549019607843	0.0	0.0	0.0	0.0	0.0
A*24:23	0.0025372093023255816	0.0	0.0	0.01505	0.01505	0.0
A*24:24	0.0005607142857142857	0.0	0.0			0.0
A*24:25	0.0012760869565217393	0.0	0.0	0.0045000000000000005	0.0045000000000000005	0.0
A*24:26	0.0003416666666666666	0.0	0.0			0.0003777777777777778
A*24:27	0.0003208333333333333	0.0	0.0			0.0
A*24:28	0.0004714285714285715	0.0	0.0	0.0001	0.0001	6.25e-05
A*24:29	0.00028947368421052634	0.0	0.0			7.142857142857143e-05
A*24:30	0.0002257142857142857	0.0	0.0			0.0
A*24:31	0.00011739130434782608	0.0	0.0	0.0	0.0	6.0000000000000015e-05
A*24:32	4.117647058823529e-05			0.0003	0.0003	1.4285714285714289e-05
A*24:33	0.00054					0.0
A*24:34	0.0007384615384615384	0.0	0.0	0.0096	0.0096	0.0
A*24:35	0.00044	0.0	0.0	0.0041	0.0041	0.0
A*24:36	0.0					0.0
A*24:37	1E-05	0.0	0.0			0.0
A*24:38	0.0					0.0
A*24:39	0.0					0.0
A*24:40	0.0					0.0
A*24:41	0.006144444444444445					0.0
A*24:42	0.0			0.0	0.0	0.0
A*24:43	0.0					0.0
A*24:44	0.0					0.0
A*24:45	0.0					0.0
A*24:46	0.0008714285714285714	0.0	0.0			0.0
A*24:47	0.0	0.0	0.0			0.0
A*24:48	0.0					0.0
A*24:49	0.0					0.0
A*24:50	0.0					0.0
A*24:51	0.00612					0.0
A*24:52	0.0	0.0	0.0			0.0
A*24:53	5.4545454545454546e-05					3.333333333333333e-05
A*24:54	0.0					0.0
A*24:55	0.0002					0.0
A*24:56	0.0004750000000000001	0.0016	0.0016			0.00012
A*24:57	0.0024			0.0096	0.0096	0.0
A*24:58	0.0					0.0
A*24:59	0.0					0.0
A*24:60	0.0					0.0
A*24:61	0.0					0.0
A*24:62	0.0					0.0
A*24:63	0.0002666666666666667					0.0
A*24:64	0.0003833333333333333					0.0
A*24:66	0.0					0.0
A*24:67	0.0007333333333333332					0.0
A*24:68	0.00025					0.0
A*24:69	0.0					0.0
A*24:70	0.0	0.0	0.0			0.0
A*24:71	0.00014					0.0
A*24:72	0.0005714285714285715			4	4	0.0
A*24:73	2E-05					0.0
A*24:74	0.0					0.0
A*24:75	0.0					0.0
A*24:76	0.0					0.0
A*24:77	0.0					0.0
A*24:78	0.0					0.0
A*24:79	0.0					0.0
A*24:80	0.0					0.0
A*24:81	0.0					0.0
A*24:82	0.0					0.0
A*24:83	0.0					0.0
A*24:84	0.00125					0.0
A*24:85	0.0					0.0
A*24:86	0.0					0.0
A*24:87	0.0012					0.0
A*24:88	2E-05					0.0
A*24:89	0.0					0.0
A*24:90	0.0					0.0
A*24:91	0.0					0.0
A*24:92	0.0010666666666666667	0.0032	0.0032			0.0
A*24:93	3.333333333333333e-05					5E-05
A*24:94	0.0					0.0
A*24:95	4E-05	0.0	0.0			3.333333333333333e-05
A*24:96	0.0					0.0
A*24:97	0.0					0.0
A*24:98	0.0					
A*24:99	0.0					
A*25	0.013024738675958188	0.004714285714285714	0.004714285714285714	6	6	0.020077173913043474
A*25:01	0.010272018348623851	0.00483	0.00483	0.006146153846153847	0.006146153846153847	0.02373125
A*25:02	0.00023934426229508198	0.00125	0.00125	5E-05	5E-05	0.0005615384615384615
A*25:03	0.0	0.0	0.0			0.0
A*25:04	5.000000000000001e-05					0.0001
A*25:05	0.0003071428571428571					0.0
A*25:06	1.6666666666666667e-05					3.333333333333333e-05
A*25:07	0.0					0.0
A*25:08	0.0					0.0
A*25:09	0.0					
A*25:10	0.0					0.0
A*25:11	0.0	0.0	0.0			0.0
A*25:12	0.0					
A*25:13	0.0					
A*25:14	0.0					
A*25:15	0.0					
A*25:16	0.0					
A*25:17	0.0					
A*25:18	0.0					
A*25:19	0.0					
A*25:20	0.0					
A*25:21	0.0					
A*25:22	0.0					
A*25:23	0.0					
A*25:24	0.0					
A*26	0.03614077380952381	0.04821111111111112	0.04821111111111112	0.012142857142857141	0.012142857142857141	0.04136593406593407
A*26:01	0.03501232876712329	0.03798666666666666	0.03798666666666666	0.013071428571428572	0.013071428571428572	0.035657692307692314
A*26:02	0.002173863636363636	0.0	0.0	8	8	1
A*26:03	0.0029428571428571425	0.0	0.0	0.0	0.0	0.00026923076923076917
A*26:04	6.8e-05	0.0	0.0	0.0	0.0	0.0
A*26:05	0.00012205882352941177	0.0	0.0	5E-05	5E-05	0.0001
A*26:06	9.111111111111109e-05	0.0	0.0	0.0	0.0	0.0
A*26:07	0.00024788732394366195	0.0	0.0	0.0	0.0	0.0
A*26:08	0.0012671999999999998	0.00015	0.00015	0.0016666666666666668	0.0016666666666666668	0.0013515151515151515
A*26:09	0.00013709677419354842	0.0	0.0	5E-05	5E-05	0.0001
A*26:10	0.00039722222222222215	0.0010666666666666667	0.0010666666666666667	0.0	0.0	0.0
A*26:11	1			0.0	0.0	0.0
A*26:12	0.0017481481481481484	0.0001	0.0001	0.0	0.0	1.25e-05
A*26:13	0.0004848484848484848	0.0	0.0			0.0
A*26:14	0.0	0.0	0.0			0.0
A*26:15	6.500000000000001e-05	0.0	0.0			0.00014444444444444446
A*26:16	0.0004590909090909091	0.0	0.0			0.0
A*26:17	0.00016666666666666666	0.0006333333333333332	0.0006333333333333332			1.4285714285714289e-05
A*26:18	0.0002444444444444445					0.0
A*26:19	0.0					0.0
A*26:20	0.00012857142857142858					0.0
A*26:21	6.111111111111112e-05			0.0	0.0	0.0
A*26:22	0.0					0.0
A*26:23	0.0					0.0
A*26:24	0.0					0.0
A*26:25	0.0					0.0
A*26:26	0.0003333333333333333					0.0005
A*26:27	0.00016					0.0
A*26:28	0.0					0.0
A*26:29	0.00020909090909090907					0.0
A*26:30	1.6666666666666667e-05	0.0	0.0	0.0	0.0	0.0
A*26:31	0.0					0.0
A*26:32	0.0					0.0
A*26:33	0.0					0.0
A*26:34	0.0					0.0
A*26:35	0.0					0.0
A*26:36	2.5e-05					0.0
A*26:37	0.0					0.0
A*26:38	0.0					0.0
A*26:39	0.0					0.0
A*26:40	0.0					
A*26:41	0.0					
A*26:42	0.0					
A*26:43	0.0032	0.0032	0.0032			
A*26:47	0.0					0.0
A*26:49	0.0002					0.0002
A*26:52	0.0					
A*26:54	0.0					
A*26:60	0.0	0.0	0.0			
A*26:64	0.0					
A*26:65	0.0					0.0
A*26:67	0.0					
A*29	0.03452079510703364	0.030747368421052638	0.030747368421052638	0.010366666666666666	0.010366666666666666	0.03762417582417582
A*29:01	0.011014957264957263	0.016514285714285714	0.016514285714285714	0.0076999999999999985	0.0076999999999999985	0.0043479166666666675
A*29:02	0.02234732142857143	0.020435714285714286	0.020435714285714286	0.022514285714285712	0.022514285714285712	0.027072000000000002
A*29:03	0.000395	0.0	0.0	0.0	0.0	1E-05
A*29:04	0.0003366666666666667	0.0	0.0	0.0	0.0	0.0
A*29:05	1.5384615384615384e-05					0.0
A*29:06	0.0004954545454545456					0.0
A*29:07	0.00014545454545454546					0.0
A*29:08	0.0002411764705882353					0.0
A*29:09	0.0					0.0
A*29:10	0.0008794871794871795	0.00013333333333333334	0.00013333333333333334			0.00184375
A*29:11	0.002278571428571429	0.0001	0.0001			0.0
A*29:12	0.00020434782608695656	5E-05	5E-05	0.0	0.0	0.0001
A*29:13	0.0					0.0
A*29:14	0.0					0.0
A*29:15	0.0010199999999999999	0.0001	0.0001			0.0
A*29:16	0.0					0.0
A*29:17	0.0					0.0
A*29:18	0.0					0.0
A*29:19	0.0					0.0
A*29:20	0.0					0.0
A*29:21	0.0					0.0
A*29:22	0.0					0.0
A*29:25	0.0485					
A*29:27	4E-05					
A*29:29	4E-05					
A*29:48	0.0					0.0
A*29:50	0.0477					
A*30	0.04086990881458966	0.05331111111111112	0.05331111111111112	0.00488	0.00488	0.02886703296703297
A*30:01	0.025705185185185185	0.0314875	0.0314875	0.010807142857142855	0.010807142857142855	0.01582857142857143
B*07	0.06371994301994302	0.05838571428571429	0.05838571428571429	0.0182125	0.0182125	0.08204945054945055
B*07:02	0.03982140845070423	0.029464705882352938	0.029464705882352938	0.0258	0.0258	0.0952561403508772
B*07:03	0.0008	0.0	0.0	0.0005	0.0005	0.00021818181818181818
B*07:04	0.00039722222222222215	3.333333333333333e-05	3.333333333333333e-05	3.333333333333333e-05	3.333333333333333e-05	0.0010916666666666668
B*07:05	0.011737004405286343	0.01334	0.01334	0.0026833333333333327	0.0026833333333333327	0.003767391304347825
B*07:06	0.002455769230769231	0.004666666666666667	0.004666666666666667	0.0001	0.0001	0.001013333333333333
B*07:07	0.0005859375	3.333333333333333e-05	3.333333333333333e-05	0.0	0.0	3.571428571428572e-05
B*07:08	0.00036363636363636367	0.0	0.0	0.0	0.0	7.500000000000001e-05
B*07:09	6.400000000000001e-05	3.333333333333333e-05	3.333333333333333e-05	0.0005	0.0005	6.923076923076922e-05
B*07:10	0.00033	0.0008833333333333332	0.0008833333333333332	0.0	0.0	0.00015
B*07:11	4.8214285714285716e-05	0.0	0.0	5E-05	5E-05	0.0
B*07:12	4.5833333333333334e-05	0.0	0.0	0.0	0.0	0.0
B*07:13	4.878048780487805e-05	0.0	0.0	0.0	0.0	0.0
B*07:14	0.0007058823529411763	0.0	0.0	0.0096	0.0096	0.00015833333333333335
B*07:15	4.5833333333333334e-05	0.0	0.0	0.0	0.0	1.4285714285714289e-05
B*07:16	3.8095238095238106e-05	0.0	0.0	0.0	0.0	0.0
B*07:17	0.00016315789473684208	0.0	0.0			0.0
B*07:18	9.523809523809523e-06	0.0	0.0			0.0
B*07:19	0.0	0.0	0.0			0.0
B*07:20	0.0005166666666666667	0.0	0.0			0.0005714285714285715
B*07:21	0.0					0.0
B*07:22	5.263157894736842e-05	0.0	0.0			0.0
B*07:23	0.00014375	0.0	0.0	0.0	0.0	0.0
B*07:24	0.0005	0.0	0.0			0.0
B*07:25	0.0					0.0
B*07:26	0.00024090909090909086	0.0	0.0			0.000625
B*07:27	0.0					0.0
B*07:28	5.882352941176471e-06					0.0
B*07:29	0.0					0.0
B*07:30	0.0					0.0
B*07:31	3.8461538461538456e-05					0.0
B*07:32	0.0					0.0
B*07:33	0.00016428571428571428					0.0
B*07:34	0.0					0.0
B*07:35	0.001341666666666667	0.0	0.0			0.0
B*07:36	0.00011666666666666668					8E-05
B*07:37	0.00048095238095238095					0.0
B*07:38	3.333333333333333e-05					2E-05
B*07:39	0.0					0.0
B*07:40	7.142857142857143e-05	0.0	0.0			0.0
B*07:41	0.0					0.0
B*07:42	0.0	0.0	0.0			0.0
B*07:43	0.0					0.0
B*07:44	3.333333333333333e-05					5E-05
B*07:45	0.0					0.0
B*07:46	0.0					0.0
B*07:47	8.333333333333333e-05					0.000125
B*07:48	0.0	0.0	0.0			0.0
B*07:49	0.0					0.0
B*07:50	0.0					0.0
B*07:51	0.0					0.0
B*07:52	0.0					0.0
B*07:53	0.00015	0.0	0.0			0.00013333333333333334
B*07:54	0.0					0.0
B*07:55	0.0					0.0
B*07:56	0.0					0.0
B*07:57	0.0					0.0
B*07:58	0.0					0.0
B*07:59	0.0					0.0
B*07:60	0.0					0.0
B*07:61	0.0					0.0
B*07:62	0.0					0.0
B*07:63	0.0					0.0
B*07:64	0.0					0.0
B*07:65	0.0					0.0
B*07:66	0.0					0.0
B*07:67	0.0					0.0
B*07:68	0.00014					3.333333333333333e-05
B*07:69	0.0					
B*07:70	0.0					0.0
B*07:71	0.0					
B*07:72	0.0					
B*07:73	0.0					
B*07:74	0.0					
B*07:75	0.0159					0.0
B*07:76	0.0					
B*07:77	0.0					0.0
B*07:78	0.0					
B*07:79	0.0					
B*07:80	0.000125					
B*07:81	6.666666666666667e-05					
B*07:82	0.0					
B*07:83	0.0					
B*07:84	0.0					
B*07:85	0.0002333333333333333					0.0003
B*07:86	0.0			0.0	0.0	0.0
B*07:87	0.0					
B*07:88	0.0					
B*07:89	0.0002					
B*07:90	5E-05					
B*07:91	0.008700000000000001					
B*07:92	0.0					0.0
B*07:93	0.0					
B*07:94	0.0					
B*07:95	0.0					0.0
B*07:96	0.00384			0.0192	0.0192	0.0
B*07:97	0.0					
B*07:98	0.0					
B*07:99	0.0					
B*08	0.048192145015105735	0.04813157894736843	0.04813157894736843	0.0089	0.0089	0.07605444444444445
B*08:01	0.04361449814126394	0.055273333333333334	0.055273333333333334	0.027755555555555558	0.027755555555555558	0.08307142857142857
B*08:02	0.00012244897959183673	0.0	0.0	0.0	0.0	0.0
B*08:03	0.001207017543859649	0.0004	0.0004	0.0	0.0	0.0
B*08:04	0.0008169811320754715	0.0	0.0	0.0	0.0	0.0011909090909090908
B*08:05	0.0016666666666666663	0.0	0.0	0.0	0.0	0.0007777777777777777
B*08:07	0.0	0.0	0.0			0.0
B*08:08	0.0					0.0
B*08:09	7.142857142857143e-05	0.0	0.0	0.0001	0.0001	0.0001555555555555556
B*08:10	0.0	0.0	0.0	0.0	0.0	0.0
B*08:11	0.0	0.0	0.0			0.0
B*08:12	0.0003758620689655173	1	1	0.0069	0.0069	0.0
B*08:13	6.25e-06	0.0	0.0	0.0001	0.0001	0.0
B*08:14	0.0			0.0	0.0	0.0
B*08:15	0.0					0.0
B*08:16	2.1428571428571428e-05					0.0
B*08:17	0.0003555555555555556	0.0032	0.0032			0.0
B*08:18	0.00014705882352941178	2	2	0.0	0.0	7.142857142857143e-05
B*08:19	0.0					0.0
B*08:20	2.619047619047619e-05	0.0	0.0	0.0	0.0	0.0
B*08:21	1E-05					1.6666666666666667e-05
B*08:22	0.0	0.0	0.0			0.0
B*08:23	0.00022					0.0001
B*08:24	0.0					0.0
B*08:25	0.0					0.0
B*08:26	0.0					0.0
B*08:27	0.001575	0.0063	0.0063			0.0
B*08:28	0.0			0.0	0.0	0.0
B*08:29	0.0					0.0
B*08:30	0.0					0.0
B*08:31	0.0					0.0
B*08:32	0.0					0.0
B*08:33	7.272727272727273e-05					0.0
B*08:34	9.166666666666668e-05					0.0
B*08:35	0.0					0.0
B*08:36	0.0					0.0
B*08:37	0.0	0.0	0.0			0.0
B*08:38	0.0	0.0	0.0	0.0	0.0	0.0
B*08:39	0.0					
B*08:40	0.0016	0.0032	0.0032			
B*08:41	0.0					0.0
B*08:42	0.0					
B*08:43	0.0					
B*08:44	0.0					
B*08:45	0.0					
B*08:46	0.0					
B*08:47	0.0					
B*08:48	0.0					
B*08:49	0.0					
B*08:50	0.0					
B*08:51	0.0					
B*08:52	0.0008	0.0032	0.0032			0.0
B*08:53	0.0					
B*08:54	0.0					
B*08:55	0.0					
B*08:56	0.0					0.0
B*08:62	0.0					
B*08:66	0.0					0.0
B*08:70	0.0					0.0
B*08:80	0.0001					
B*13	0.02617309941520468	0.025044444444444446	0.025044444444444446	0.0068000000000000005	0.0068000000000000005	0.024643478260869562
B*13:01	0.03619736842105263	0.003428571428571429	0.003428571428571429	0.00044	0.00044	0.0017370370370370376
B*13:02	0.02159794238683128	0.017576923076923073	0.017576923076923073	0.009666666666666664	0.009666666666666664	0.030650000000000007
B*13:03	0.0009175438596491227	0.0022	0.0022	0.0	0.0	0.0004545454545454546
B*13:04	0.000944186046511628	0.0	0.0	0.0033333333333333327	0.0033333333333333327	0.0
B*13:06	3.75e-05	0.0	0.0			0.0
B*13:07	0.0085					0.0
B*13:08	0.00020384615384615382					0.0
B*13:09	0.00032500000000000004	0.0	0.0			0.0
B*13:10	2.307692307692308e-05					3.75e-05
B*13:11	0.0004375	0.0	0.0			0.0
B*13:12	3.333333333333333e-05					0.0
B*13:13	0.0006000000000000001					0.0
B*13:14	0.0					0.0
B*13:15	0.0					0.0
B*13:16	0.0					0.0
B*13:17	0.0					0.0
B*13:18	0.0					0.0
B*13:19	0.0					0.0
B*13:20	0.0					0.0
B*13:21	0.0					0.0
B*13:22	0.0	0.0	0.0			0.0
B*13:23	0.0					0.0
B*13:25	0.0					
B*13:26	0.0003533333333333333	0.0010666666666666667	0.0010666666666666667			
B*13:27	0.0					
B*13:28	0.0					
B*13:29	0.0					
B*13:30	0.0					
B*13:31	0.0					
B*13:32	0.0					0.0
B*13:33	0.0					
B*13:34	0.0					0.0
B*13:35	0.0					
B*13:36	0.0					
B*13:38	0.0315					
B*13:42	0.0					
B*14	0.039575196850393714	0.039955555555555564	0.039955555555555564	0.01969	0.01969	0.046293103448275884
B*14:01	0.006797482014388489	0.004763636363636364	0.004763636363636364	0.006243749999999999	0.006243749999999999	0.0075379999999999996
B*14:02	0.025373026315789474	0.03062	0.03062	0.016472222222222225	0.016472222222222225	0.02735961538461538
B*14:03	0.0008492753623188405	0.00135	0.00135	0.00036666666666666667	0.00036666666666666667	0.00012941176470588234
B*14:04	0.0012441860465116279	0.0	0.0	0.0	0.0	0.0
B*14:05	0.0001	0.00075	0.00075	0.0	0.0	0.0
B*14:06	0.0005857142857142858	0.0	0.0	0.0	0.0	0.0
B*14:07	0.0					0.0
B*14:08	0.0					0.0
B*14:09	0.0					0.0
B*14:10	0.0					0.0
B*14:11	0.0096			0.0192	0.0192	
B*14:12	0.0					
B*14:13	0.00030000000000000003					
B*14:14	1.4285714285714289e-05					0.0001
B*14:15	4E-05	0.0	0.0			
B*14:16	0.0					
B*14:17	0.0					
B*14:18	0.0005357142857142856	0.0010666666666666667	0.0010666666666666667			
B*14:20	0.0					0.0
B*14:21	0.0					
B*14:23	0.0					0.0
B*14:24	0.0	0.0	0.0			
B*14:25	0.000375					
B*14:26	0.0					
B*14:30	0.0					
B*14:32	0.0					
B*14:33	0.0					
B*14:34	0.0					
B*14:35	0.0					
B*14:36	0.0					
B*14:37	0.0					
B*14:38	0.0					
B*15	0.0850944055944056	0.045152631578947375	0.045152631578947375	0.07815454545454546	0.07815454545454546	0.058354347826086964
B*15:01	0.032110256410256416	0.004328571428571429	0.004328571428571429	0.03987916666666667	0.03987916666666667	0.050368421052631576
B*15:02	0.024030901287553648	0.0025999999999999994	0.0025999999999999994	0.001057142857142857	0.001057142857142857	0.0003454545454545455
B*15:03	0.013795419847328244	0.017927272727272733	0.017927272727272733	0.00555	0.00555	0.0034833333333333326
B*15:04	0.003985333333333333	0.0	0.0	0.028555555555555563	0.028555555555555563	1.5384615384615387e-05
B*15:05	0.002642352941176471	0.0001	0.0001	0.00202	0.00202	0.0004545454545454546
B*15:06	0.016588571428571428	0.0	0.0	0.0	0.0	0.00036363636363636367
B*15:07	0.003431428571428572	7.5e-05	7.5e-05	0.028211111111111117	0.028211111111111117	0.0007
B*15:08	0.0016581632653061224	0.0040625	0.0040625	0.007814285714285716	0.007814285714285716	0.000970967741935484
B*15:09	0.001322543352601156	0.0010833333333333335	0.0010833333333333335	5E-05	5E-05	0.0009607142857142858
B*15:10	0.0063674418604651156	0.004138461538461539	0.004138461538461539	0.00503	0.00503	0.0008547619047619048
B*15:11	0.0025267281105990787	2.857142857142857e-05	2.857142857142857e-05	0.0025	0.0025	0.00014827586206896551
B*15:12	0.001303305785123967	5E-05	5E-05	0.0	0.0	1.6129032258064513e-05
B*15:13	0.0030952127659574467	0.00286	0.00286	0.0	0.0	0.00026428571428571424
B*15:14	7.464788732394367e-05	0.0	0.0	0.0	0.0	1.2e-05
B*15:15	0.0035265957446808517	0.0	0.0	0.00808	0.00808	0.0003047619047619047
B*15:16	0.0033672727272727283	0.0042375	0.0042375	0.00398	0.00398	0.0009133333333333332
B*15:17	0.006715753424657535	0.017846153846153845	0.017846153846153845	0.005025	0.005025	0.005738775510204081
B*15:18	0.0045866920152091255	0.0008285714285714286	0.0008285714285714286	0.002242857142857143	0.002242857142857143	0.0030844444444444443
B*15:19	4.827586206896552e-05	0.0	0.0	0.0	0.0	0.0
B*15:20	0.0007553571428571429	0.0010666666666666667	0.0010666666666666667	0.006333333333333333	0.006333333333333333	1.1111111111111113e-05
B*15:21	0.005881987577639752	0.0006799999999999999	0.0006799999999999999	0.0	0.0	7.142857142857144e-06
B*15:22	0.0024428571428571424	0.0048	0.0048			0.00025
B*15:23	0.0008058823529411765	0.0	0.0	0.0	0.0	7.142857142857143e-05
B*15:24	0.0006018867924528303	0.0001	0.0001	0.0010666666666666667	0.0010666666666666667	0.0007821428571428572
B*15:25	0.011056953642384106	0.000175	0.000175	0.001025	0.001025	0.0003375
B*15:26	1.153846153846154e-05	0.0	0.0	0.0	0.0	0.0
B*15:27	0.0023000000000000004	0.0	0.0	0.0	0.0	1.5384615384615387e-05
B*15:28	8.396226415094341e-05	0.0	0.0	0.0	0.0	0.0
B*15:29	0.00035098039215686273	0.0004	0.0004	0.0	0.0	7.500000000000001e-05
B*15:30	0.0013681159420289855	0.0	0.0	0.0109	0.0109	3.636363636363637e-05
B*15:31	0.0008284615384615383	0.00014	0.00014	0.0	0.0	9.090909090909093e-06
B*15:32	0.007574626865671644	0.0001	0.0001	0.0	0.0	9.090909090909093e-06
B*15:33	0.00021944444444444447	0.0	0.0	0.0	0.0	4.615384615384616e-05
B*15:34	0.00040925925925925933	0.0	0.0	0.0	0.0	0.00012857142857142858
B*15:35	0.0024741379310344825	3.333333333333333e-05	3.333333333333333e-05	5E-05	5E-05	5E-05
B*15:36	0.0012298076923076926	0.0	0.0	0.0	0.0	0.0
B*15:37	0.0005984848484848486	2.5e-05	2.5e-05	0.0	0.0	1.5384615384615387e-05
B*15:38	0.00024038461538461543	0.0	0.0	0.0	0.0	0.0
B*15:39	0.0006492537313432835	0.0	0.0	0.0001	0.0001	0.0013285714285714287
B*15:40	0.000354	0.0	0.0	0.0015	0.0015	1E-05
B*15:42	8.695652173913044e-05	0.0	0.0	0.0	0.0	0.0001
B*15:43	0.0	0.0	0.0	0.0	0.0	0.0
B*15:44	8.684210526315791e-05	0.0	0.0	0.0	0.0	0.0
B*15:45	2.0833333333333333e-05	0.0	0.0	0.0	0.0	0.0
B*15:46	0.0011347826086956522	0.009333333333333334	0.009333333333333334	0.0	0.0	0.0
B*15:47	0.0002106382978723404	0.0	0.0	0.0	0.0	0.0
B*15:48	9.876543209876544e-05	0.0	0.0	0.0	0.0	0.0
B*15:49	0.0	0.0	0.0	0.0	0.0	0.0
B*15:50	0.000125	0.0	0.0			0.0
B*15:51	0.0	0.0	0.0			0.0
B*15:52	2.857142857142857e-05	0.0	0.0			0.0
B*15:53	0.0004826086956521738	0.0	0.0	0.0001	0.0001	0.0
B*15:54	3.636363636363637e-05	0.0	0.0			0.0
B*15:55	0.00022142857142857145	5E-05	5E-05			0.0
B*15:56	8.46153846153846e-05	0.0	0.0			5.7142857142857155e-05
B*15:57	0.0	0.0	0.0			0.0
B*15:58	0.000989189189189189	0.0	0.0			0.0
B*15:60	0.0	0.0	0.0			0.0
B*15:61	1.1764705882352942e-05	0.0	0.0			0.0
B*15:62	0.0	0.0	0.0			0.0
B*15:63	0.00032	0.0	0.0	0.0032	0.0032	0.0
B*15:64	1.0526315789473683e-05	5E-05	5E-05			0.0
B*15:65	0.0					0.0
B*15:66	0.0					0.0
B*15:67	0.0006740740740740741	0.0	0.0			0.0
B*15:68	0.00010714285714285716					0.0
B*15:69	0.0					0.0
B*15:70	0.0005133333333333333					0.0
B*15:71	0.00033000000000000005	5E-05	5E-05			0.0002
B*15:72	0.0008190476190476191					0.0
B*15:73	8.571428571428573e-05	5E-05	5E-05			0.00015454545454545454
B*15:74	0.0					0.0
B*15:75	4.615384615384616e-05	0.0001	0.0001			0.0
B*15:76	0.0					0.0
B*15:77	0.0					0.0
B*15:78	0.0					0.0
B*15:79	0.0					0.0
B*15:80	0.00033					0.0
B*15:81	6.25e-05					0.0
B*15:82	6.153846153846154e-05	0.0	0.0			0.0001
B*15:83	0.0					0.0
B*15:84	0.0					0.0
B*15:85	0.0					0.0
B*15:86	0.00075					0.0
B*15:87	1.4285714285714289e-05					0.0
B*15:88	6.363636363636364e-05					0.0
B*15:89	0.0					0.0
B*15:90	0.0002142857142857143					0.0
B*15:91	0.0					0.0
B*15:92	0.0					0.0
B*15:93	0.0157					0.0
B*15:94	0.0					0.0
B*15:95	0.0					0.0
B*15:96	0.0					0.0
B*15:97	0.0					0.0
B*15:98	0.0					0.0
B*15:99	0.0					0.0
B*18	0.04698372781065089	0.042745000000000005	0.042745000000000005	0.012366666666666665	0.012366666666666665	0.06863152173913044
B*18:01	0.03551535580524345	0.03913125	0.03913125	0.016957142857142858	0.016957142857142858	0.05778823529411765
B*18:02	0.0020306818181818178	0.00013333333333333334	0.00013333333333333334	0.0	0.0	0.00025714285714285715
B*18:03	0.002037	0.0001	0.0001	0.0	0.0	0.0017342857142857145
B*18:04	0.0011821917808219175	0.0	0.0	0.0	0.0	0.00043157894736842113
B*18:05	0.0005849056603773584	6.666666666666667e-05	6.666666666666667e-05	0.0	0.0	0.000759090909090909
B*18:06	0.00051875	0.0	0.0	0.0	0.0	0.00014444444444444444
B*18:07	0.0004839285714285714	3.333333333333333e-05	3.333333333333333e-05	0.0	0.0	0.00020000000000000004
B*18:08	0.00010526315789473683	1	1			0.0
B*18:09	0.0018913043478260866	0.0	0.0			0.00017500000000000005
B*18:10	6.25e-06	0.0	0.0			1.4285714285714289e-05
B*18:11	0.00029523809523809526	0.0	0.0			0.0
B*18:12	2.9166666666666663e-05	0.0	0.0	0.0	0.0	0.0
B*18:13	4.117647058823529e-05					8.57142857142857e-05
B*18:14	0.000285	0.0026	0.0026	0.0	0.0	1.4285714285714289e-05
B*18:15	0.0002666666666666667	0.0032	0.0032			0.0
B*18:17	0.0					0.0
B*18:18	0.0002	0.0001	0.0001			0.00012727272727272728
B*18:19	2E-05	0.0	0.0			4E-05
B*18:20	4.444444444444445e-05	0.0	0.0			8E-05
B*18:21	0.0010666666666666667	0.0032	0.0032			0.0
B*18:22	0.0					0.0
B*18:23	0.0					0.0
B*18:24	0.0					0.0
B*18:25	0.0004875					0.0
B*18:26	0.0	0.0	0.0	0.0	0.0	0.0
B*18:27	0.0					0.0
B*18:28	2.5e-05					3.333333333333333e-05
B*18:29	0.0					0.0
B*18:30	0.0					0.0
B*18:31	0.0					0.0
B*18:32	0.0	0.0	0.0			0.0
B*18:33	7.5e-05	0.0	0.0			0.00015
B*18:34	0.0					0.0
B*18:35	0.0016	0.0032	0.0032			
B*18:36	0.0					0.0
B*18:37	0.0	0.0	0.0			0.0
B*18:38	0.0					
B*18:39	0.0					
B*18:40	0.0003333333333333333					0.0
B*18:41	0.0					
B*18:42	0.0					
B*18:43	0.0					
B*18:44	0.0					0.0
B*18:45	0.0					
B*18:46	0.0					
B*18:47	0.0					
B*18:54	0.0					0.0
B*18:60	0.0	0.0	0.0			
B*18:61	0.0			0.0	0.0	
B*18:63	0.0					0.0
B*18:73	0.0	0.0	0.0			
B*18:97	0.0002					
B*27	0.02627863247863248	0.02197777777777778	0.02197777777777778	0.02561428571428571	0.02561428571428571	0.03840434782608696
B*27:01	0.0007019607843137255	0.00075	0.00075	0.0	0.0	1E-05
B*27:02	0.006116774193548388	0.007090000000000002	0.007090000000000002	0.0019666666666666673	0.0019666666666666673	0.008560000000000002
B*27:03	0.0032280000000000004	0.002275	0.002275	0.00915	0.00915	0.001975
B*27:04	0.01398076923076923	0.0020166666666666666	0.0020166666666666666	3.333333333333333e-05	3.333333333333333e-05	0.00074375
B*27:05	0.016038372093023258	0.004945454545454545	0.004945454545454545	0.04132105263157895	0.04132105263157895	0.029531147540983613
B*27:06	0.003157777777777778	7.5e-05	7.5e-05	1	1	0.00013333333333333334
B*27:07	0.0018385185185185184	0.0055875000000000005	0.0055875000000000005	0.00095	0.00095	0.0006645161290322582
B*27:08	0.0005379310344827586	0.0014	0.0014	5E-05	5E-05	0.0002588235294117647
B*27:09	0.000240625	0.0001	0.0001	0.0	0.0	0.0007095238095238096
B*27:10	0.00013095238095238096	0.0	0.0	0.0	0.0	0.00010714285714285714
B*27:11	0.00026578947368421056	0.0	0.0	0.0	0.0	0.0
B*27:12	0.00014473684210526317	0.0001	0.0001	6.666666666666667e-05	6.666666666666667e-05	0.00016
B*27:13	0.0001875	0.0	0.0	0.0	0.0	0.00028571428571428574
B*27:14	0.00016231884057971014	0.00125	0.00125	0.0002	0.0002	0.0002526315789473684
B*27:15	2.380952380952381e-05	0.0	0.0	0.0	0.0	0.0
B*27:16	0.0	0.0	0.0			0.0
B*27:17	0.00012592592592592592	0.0	0.0			1.4285714285714289e-05
B*27:18	6.25e-06	0.0	0.0			0.0
B*27:19	2.5e-05	0.0	0.0			6.666666666666667e-05
B*27:20	3.6842105263157895e-05	0.0	0.0			0.0
B*27:21	7.692307692307693e-05	0.0	0.0			0.0
B*27:23	0.0					0.0
B*27:24	1E-05					0.0
B*27:25	0.0					0.0
B*27:26	0.0	0.0	0.0			0.0
B*27:27	1.25e-05					0.0
B*27:28	0.0					0.0
B*27:29	0.0					0.0
B*27:30	0.00013529411764705878					0.00012000000000000003
B*27:31	0.0					0.0
B*27:32	0.0					0.0
B*27:33	0.0					0.0
B*27:34	0.0					0.0
B*27:35	0.0					0.0
B*27:36	0.00025					0.0
B*27:37	0.0					0.0
B*27:38	0.0					0.0
B*27:39	0.00025					0.0
B*27:40	0.0					0.0
B*27:41	0.0					0.0
B*27:42	0.0					0.0
B*27:43	0.0					0.0
B*27:44	0.0					0.0
B*27:45	0.0					0.0
B*27:46	0.0					0.0
B*27:47	0.0					0.0
B*27:48	0.0					
B*27:49	0.00192					
B*27:50	0.0					
B*27:51	0.0					0.0
B*27:52	0.0					
B*27:53	0.0					
B*27:54	0.0			0.0	0.0	
B*27:55	0.0					
B*27:56	0.0					0.0
B*27:57	6.666666666666667e-05					
B*27:58	0.0					
B*27:59	0.0			0.0	0.0	
B*27:60	0.0					
B*27:61	0.0	0.0	0.0			
B*27:62	0.0					
B*27:63	0.0					
B*27:65	0.0					
B*27:66	0.0					
B*27:75	0.0					
B*27:78	0.0					
B*27:79	0.0					
B*27:81	0.0					0.0
B*27:85	0.0001					0.0001
B*35	0.13259185393258427	0.12785000000000002	0.12785000000000002	0.3166909090909091	0.3166909090909091	0.11818369565217393
B*35:01	0.04955786163522013	0.03575625	0.03575625	0.10373703703703704	0.10373703703703704	0.06127254901960785
B*35:02	0.011608854166666668	0.01944615384615385	0.01944615384615385	0.006625000000000002	0.006625000000000002	0.012941304347826086
B*35:03	0.01936933333333333	0.018158333333333332	0.018158333333333332	0.0096875	0.0096875	0.027160000000000004
B*35:04	0.0027776470588235297	0.0	0.0	0.013290909090909093	0.013290909090909093	0.0017
B*35:05	0.01573825503355705	0.0008	0.0008	0.1062090909090909	0.1062090909090909	0.0005619047619047619
B*35:06	0.0023208333333333327	0.0	0.0	0.029800000000000007	0.029800000000000007	4E-05
B*35:07	0.00014	0.0	0.0	0.0	0.0	0.0
B*35:08	0.015754857142857143	0.03395833333333333	0.03395833333333333	0.004936363636363636	0.004936363636363636	0.007874468085106383
B*35:09	0.0005764705882352943	0.0	0.0	0.005200000000000001	0.005200000000000001	0.0
B*35:10	0.00037741935483870967	0.0	0.0	2	2	0.0003947368421052632
B*35:11	0.0003553571428571429	0.0	0.0	0.00025	0.00025	0.00027272727272727274
B*35:12	0.01160208333333333	3.333333333333333e-05	3.333333333333333e-05	0.04880666666666667	0.04880666666666667	0.0003375
B*35:13	0.00066875	0.0	0.0	0.0	0.0	0,009375
B*35:14	0.005117333333333334	0.0	0.0	0.046999999999999986	0.046999999999999986	0.00036382978723404263
B*35:15	0.00021935483870967745	0.0	0.0	0.0033333333333333327	0.0033333333333333327	0.0
B*35:16	0.0003811320754716982	0.0	0.0	0.0020399999999999997	0.0020399999999999997	0.0
B*35:17	0.006950574712643679	3.333333333333333e-05	3.333333333333333e-05	0.028058333333333338	0.028058333333333338	0.00016153846153846153
B*35:18	0.0010128205128205126	0.0	0.0	0.012666666666666666	0.012666666666666666	0.0
B*35:19	0.0031155555555555554	0.005666666666666667	0.005666666666666667	0.03075	0.03075	0.0
B*35:20	0.002863855421686748	0.00875	0.00875	0.006333333333333333	0.006333333333333333	0.0004545454545454546
B*35:21	0.0016166666666666664	0.0	0.0	0.011500000000000002	0.011500000000000002	8.108108108108109e-06
B*35:22	5.344827586206898e-05	3.333333333333333e-05	3.333333333333333e-05	0.00015	0.00015	0.0
B*35:23	0.001005	0.0	0.0	0.013000000000000001	0.013000000000000001	0.0
B*35:24	0.0009205128205128203	0.0	0.0	0.009000000000000001	0.009000000000000001	0.0
B*35:25	4.6511627906976735e-06	0.0	0.0	0.0	0.0	0.0
B*35:26	9.67741935483871e-06	0.0	0.0	0.0	0.0	0.0
B*35:27	0.006517647058823529	0.02766666666666667	0.02766666666666667	0.0001	0.0001	0.002666666666666667
B*35:28	0.0007114285714285714	0.0	0.0	0.0002	0.0002	0.0001
B*35:29	0.00046363636363636366	0.0	0.0	0.0	0.0	2.727272727272728e-05
B*35:30	0.0006232558139534885	0.0	0.0			0.0
B*35:31	0.0004375	0.0	0.0			0.0
B*35:32	0.0008127659574468085	0.00066	0.00066	0.0002	0.0002	0.0001
B*35:33	0.00035000000000000005	0.0	0.0			0.0004444444444444444
B*35:34	0.0003642857142857143	0.0	0.0			0.0007142857142857143
B*35:35	7.142857142857144e-06	0.0	0.0			0.0
B*35:36	0.0005464285714285715	0.0	0.0			0.0001
B*35:37	0.00036111111111111115	0.0021	0.0021			0.0
B*35:38	0.0005714285714285715	0.0	0.0			0.0
B*35:39	0.0					0.0
B*35:40	0.0002333333333333333					0.0
B*35:41	7.142857142857144e-06	0.0	0.0	0.0	0.0	2.5e-05
B*35:42	0.0003111111111111111			0.0014	0.0014	0.0
B*35:43	0.016477272727272733	5E-05	5E-05	0.07453	0.07453	0.000125
B*35:44	0.0015384615384615382			0.0192	0.0192	0.0
B*35:45	0.0					0.0
B*35:46	0.000125					0.0
B*35:47	9.090909090909093e-06					0.0
B*35:48	1E-05					0.0
B*35:49	0.00025384615384615387					0.0
B*35:50	0.0					0.0
B*35:51	0.0001111111111111111					0.0
B*35:52	0.0					0.0
B*35:53	0.0					0.0
B*35:54	0.0					0.0
B*35:55	0.00020909090909090907					2.5e-05
B*35:56	0.0					0.0
B*35:57	0.00156					0.0
B*35:58	7.142857142857143e-05					0.0
B*35:59	1.4285714285714289e-05			0.0001	0.0001	0.0
B*35:60	0.0008666666666666666					0.0
B*35:61	0.004575					0.0
B*35:62	0.0					0.0
B*35:63	0.00064	0.0032	0.0032			0.0
B*35:64	3.333333333333333e-05					0.0
B*35:65	0.0					0.0
B*35:66	0.0					0.0
B*35:67	0.0					0.0
B*35:68	0.002690909090909091			0.0288	0.0288	0.0
B*35:69	0.0					0.0
B*35:70	0.0					0.0
B*35:71	0.0					0.0
B*35:72	0.0001					0.0
B*35:74	0.0					0.0
B*35:75	0.0					0.0
B*35:76	0.0					0.0
B*35:77	0.002344444444444445	0.0	0.0			0.00045999999999999996
B*35:78	6.666666666666667e-05					0.0
B*35:79	0.0007999999999999999					0.0
B*35:80	0.0					0.0
B*35:81	0.0	0.0	0.0			0.0
B*35:82	0.0					0.0
B*35:83	0.0					0.0
B*35:84	0.0	0.0	0.0			0.0
B*35:85	0.0					0.0
B*35:86	0.0					0.0
B*35:87	0.0					0.0
B*35:88	0.0					0.0
B*35:89	0.0					0.0
B*35:90	0.0					0.0
B*35:91	0.00036666666666666667					0.0
B*35:92	0.0					0.0
B*35:93	0.0					0.0
B*35:94	0.0					0.0
B*35:95	0.0					0.0
B*35:96	0.0					
B*35:97	0.0					
B*35:98	0.0					0.0
B*35:99	0.000225					
B*37	0.010990880503144654	0.00955625	0.00955625	0.00404	0.00404	0.01374111111111111
B*37:01	0.0114281512605042	0.008425	0.008425	0.006500000000000001	0.006500000000000001	0.01270188679245283
B*37:02	0.0003742424242424242	8E-05	8E-05	0.0	0.0	1.4285714285714289e-05
B*37:03	0.0007185185185185185	0.0	0.0			0.0
B*37:04	0.0002621621621621621	0.0	0.0	0.0	0.0	0.00032222222222222217
B*37:05	0.0003125					0.0
B*37:06	0.0					0.0
B*37:07	0.0					0.0
B*37:08	0.0					0.0
B*37:09	0.0					0.0
B*37:10	0.0	0.0	0.0			0.0
B*37:11	0.0					0.0
B*37:12	0.0					0.0
B*37:13	0.0					0.0
B*37:14	0.0006					0.0
B*37:15	0.0					
B*37:16	0.0					
B*37:17	0.0001					0.0002
B*37:18	0.0					
B*37:19	0.0					0.0
B*37:20	0.0					
B*37:21	0.0					
B*37:22	0.0					
B*38	0.02654077380952381	0.04512777777777778	0.04512777777777778	0.01216666666666667	0.01216666666666667	0.028826666666666664
B*38:01	0.02124130434782609	0.021380000000000003	0.021380000000000003	0.010266666666666669	0.010266666666666669	0.028015384615384616
B*38:02	0.019481560283687943	0.00031666666666666665	0.00031666666666666665	0.00045999999999999996	0.00045999999999999996	0.00028095238095238097
B*38:03	4.878048780487805e-05	0.0	0.0	0.0	0.0	0.0
B*38:04	0.00011764705882352942	0.0	0.0			0.0
B*38:05	0.0006666666666666668	0.0	0.0			0.0
B*38:06	0.0006133333333333335	0.0	0.0	0.0001	0.0001	0.001142857142857143
B*38:07	0.0					0.0
B*38:08	0.0					0.0
B*38:09	0.0006848484848484848	0.0	0.0			1.6666666666666667e-05
B*38:10	0.0					0.0
B*38:11	0.0					0.0
B*38:12	0.0	0.0	0.0			0.0
B*38:13	0.0					0.0
B*38:14	0.0006000000000000001	0.0032	0.0032			0.0
B*38:15	0.0001					0.0
B*38:16	0.0					0.0
B*38:17	0.0					0.0
B*38:18	0.0					
B*38:19	0.0					
B*38:20	0.0					
B*38:21	0.0					
B*38:22	0.0					
B*38:23	0.0					
B*38:28	0.0					
B*38:29	6.25e-05					
B*38:30	0.0					
B*38:31	0.0					0.0
B*38:46	5					
B*38:47	0.0051					
B*39	0.05246011730205279	0.01824705882352941	0.01824705882352941	0.1596727272727273	0.1596727272727273	0.02275777777777778
B*39:01	0.023670955882352938	0.005078571428571428	0.005078571428571428	0.04065652173913043	0.04065652173913043	0.015492307692307694
B*39:02	0.008671559633027523	0.0	0.0	0.049471428571428576	0.049471428571428576	0.0
B*39:03	0.005479545454545455	6.666666666666667e-05	6.666666666666667e-05	0.02476363636363637	0.02476363636363637	0.00049375
B*39:04	0.0006818181818181819	0.00064	0.00064	0.0055000000000000005	0.0055000000000000005	0.0002272727272727273
B*39:05	0.016614912280701753	0.00146	0.00146	0.06387619047619048	0.06387619047619048	0.0005095238095238093
B*39:06	0.009029533678756477	0.006540000000000001	0.006540000000000001	0.040361904761904766	0.040361904761904766	0.004402173913043478
B*39:07	0.001168888888888889	0.0	0.0	0.0	0.0	1.1111111111111113e-05
B*39:08	0.00362	0.0	0.0	0.01239	0.01239	0.0
B*39:09	0.0070925531914893605	0.0	0.0	0.06646666666666666	0.06646666666666666	3.076923076923077e-05
B*39:10	0.003111538461538462	0.006118181818181818	0.006118181818181818	0.0007499999999999999	0.0007499999999999999	0.00018260869565217387
B*39:11	0.0018704918032786887	0.0	0.0	0.0018	0.0018	8.333333333333334e-06
B*39:12	0.0007174603174603174	0.0	0.0	0.0215	0.0215	0.0
B*39:13	7.916666666666666e-05	0.0	0.0			0.0
B*39:14	0.00035660377358490565	0.0	0.0	0.004425	0.004425	1.1111111111111113e-05
B*39:15	0.00063125	3.333333333333333e-05	3.333333333333333e-05	0.0	0.0	1.1111111111111113e-05
B*39:16	0.0	0.0	0.0			0.0
B*39:17	5.882352941176471e-06	0.0	0.0			0.0
B*39:18	0.0	0.0	0.0			0.0
B*39:19	5.8333333333333326e-05	0.0	0.0			0.0
B*39:20	0.0004708333333333333	0.0	0.0			0.0
B*39:22	6.6666666666666675e-06	0.0	0.0			0.0
B*39:23	7.777777777777778e-05	0.0	0.0			0.0
B*39:24	0.0023216867469879523	0.006350000000000001	0.006350000000000001	0.0001	0.0001	0.001259259259259259
B*39:25	0.0014904761904761905					0.0
B*39:26	0.00011363636363636362					0.0
B*39:27	0.0005099999999999999					0.0
B*39:28	0.00044761904761904766					0.0
B*39:29	0.0	0.0	0.0			0.0
B*39:30	0.0					0.0
B*39:31	0.000629032258064516	0.0028333333333333327	0.0028333333333333327	0.0002	0.0002	0.0007133333333333332
B*39:32	0.0					0.0
B*39:33	0.0					0.0
B*39:34	0.0001					0.0002
B*39:35	0.0			0.0	0.0	0.0
B*39:36	0.0					0.0
B*39:37	0.0					0.0
B*39:38	0.0					0.0
B*39:39	0.00045999999999999996			0.0023	0.0023	0.0
B*39:40	0.0					0.0
B*39:41	0.0					0.0
B*39:42	0.0					0.0
B*39:43	0.0					0.0
B*39:44	0.0					0.0
B*39:45	0.0					0.0
B*39:46	0.0					0.0
B*39:47	0.0					
B*39:48	0.0					
B*39:49	0.0					
B*39:50	0.0					
B*39:51	0.0					
B*39:52	0.0					
B*39:53	0.0					
B*39:54	0.012825					0.0
B*39:55	0.0					
B*39:56	0.0					
B*39:68	0.0001					0.0001
B*39:76	0.0001					
B*39:77	0.0004					
B*39:86	0.0012					
B*39:99	0.0	0.0	0.0			
B*40	0.06719241877256317	0.021015	0.021015	0.11986363636363635	0.11986363636363635	0.04752065217391305
B*40:01	0.044800278551532034	0.0061400000000000005	0.0061400000000000005	0.029007692307692307	0.029007692307692307	0.03881153846153847
B*40:02	0.04532916666666667	0.01494	0.01494	0.09868846153846154	0.09868846153846154	0.01654313725490196
B*40:03	0.0011771812080536913	0.0	0.0	0.007133333333333333	0.007133333333333333	0.0002285714285714285
B*40:04	0.002095394736842105	2E-05	2E-05	31	31	0.00011666666666666668
B*40:05	0.009404166666666668	0.00075	0.00075	0.0591875	0.0591875	0.0004166666666666667
B*40:06	0.01766116504854369	0.0180875	0.0180875	0.0022714285714285714	0.0022714285714285714	0.001688095238095238
B*40:07	0.00019819819819819818	0.0	0.0	0.0	0.0	0.0
B*40:08	0.0022136363636363642	0.0	0.0	0.016900000000000002	0.016900000000000002	3.076923076923077e-05
B*40:09	0.0011317757009345795	0.0	0.0	0.02178	0.02178	0.0
B*40:10	0.0027525547445255475	0.0006000000000000001	0.0006000000000000001	0.0	0.0	7.142857142857143e-05
B*40:11	0.0006799999999999999	0.0025	0.0025	0.0036625	0.0036625	7.692307692307693e-05
B*40:12	0.0007164473684210526	0.0006142857142857142	0.0006142857142857142	0.0	0.0	2.5e-05
B*40:13	5.851063829787234e-05	0.0	0.0	0.0	0.0	0.0
B*40:14	0.0006346774193548388	0.0	0.0	0.0	0.0	0.0
B*40:15	0.0005	0.004666666666666667	0.004666666666666667	0.0	0.0	0.0
B*40:16	0.0005055555555555556	5E-05	5E-05	0.0	0.0	0.0
B*40:18	0.00013333333333333334	0.0	0.0	0.0	0.0	0.0
B*40:19	0.00021951219512195125	0.0	0.0	0.0	0.0	0.00027272727272727274
B*40:20	8.796296296296296e-05	0.0	0.0	0.0013333333333333333	0.0013333333333333333	0.0
B*40:21	0.00018823529411764704	0.0	0.0			0.0
B*40:22	0.00036666666666666667	0.0	0.0			0.0
B*40:23	0.0012766666666666664	0.0	0.0	0.0	0.0	0.0
B*40:24	0.0	0.0	0.0			0.0
B*40:25	0.0	0.0	0.0			0.0
B*40:26	0.00047088607594936697	0.0	0.0			0.0
B*40:27	0.000516304347826087	0.0	0.0	0.00205	0.00205	0.0
B*40:28	1.3333333333333333e-05	0.0	0.0	0.0002	0.0002	0.0
B*40:29	0.0	0.0	0.0			0.0
B*40:30	0.0	0.0	0.0	0.0	0.0	0.0
B*40:31	0.0	0.0	0.0			0.0
B*40:32	0.00025263157894736847	0.0010666666666666667	0.0010666666666666667			1.25e-05
B*40:33	0.0	0.0	0.0	0.0	0.0	0.0
B*40:34	0.0	0.0	0.0			0.0
B*40:35	0.000516			0.0002	0.0002	0.0
B*40:36	0.0006866666666666668					5E-05
B*40:37	0.0003846153846153846					0.0
B*40:38	0.0007142857142857143					0.0
B*40:39	0.00125					0.0
B*40:40	8.13953488372093e-05			0.0	0.0	1.6666666666666667e-05
B*40:42	0.00015714285714285716					3.333333333333333e-05
B*40:43	0.00055					0.0
B*40:44	9.090909090909092e-05					0.0
B*40:45	0.0					0.0
B*40:46	0.001777777777777778					0.0
B*40:47	0.0					0.0
B*40:48	0.0					0.0
B*40:49	0.0025111111111111115					0.0
B*40:50	0.00043684210526315784	5E-05	5E-05			0.0
B*40:51	1.40625e-05					0.0
B*40:52	0.000825	0.0	0.0	0.0	0.0	0.0
B*40:53	0.00047647058823529413					0.0
B*40:54	0.0					0.0
B*40:55	0.0					0.0
B*40:56	0.0					0.0
B*40:57	0.0					0.0
B*40:58	3.770491803278689e-05					0.0
B*40:59	0.0					0.0
B*40:60	0.0					0.0
B*40:61	0.0					0.0
B*40:62	0.0					0.0
B*40:63	0.0					0.0
B*40:64	5.7142857142857155e-05					0.0
B*40:65	0.0007333333333333332					0.0
B*40:66	0.0					0.0
B*40:67	0.0					0.0
B*40:68	0.0					0.0
B*40:69	0.0					0.0
B*40:70	0.00016153846153846153					0.0
B*40:71	0.00015573770491803278					0.0
B*40:72	0.0					0.0
B*40:73	0.0					0.0
B*40:74	6.451612903225806e-06					0.0
B*40:75	0.0					0.0
B*40:76	0.0					0.0
B*40:77	0.0					0.0
B*40:78	0.0002					0.0
B*40:79	0.0					0.0
B*40:80	0.0001					0.00016666666666666666
B*40:81	0.0					0.0
B*40:82	0.0					0.0
B*40:83	0.0					0.0
B*40:84	0.0					0.0
B*40:85	0.0					0.0
B*40:86	0.0					0.0
B*40:87	0.0					0.0
B*40:88	0.00065					0.0
B*40:89	0.0					0.0
B*40:90	0.0			0.0	0.0	0.0
B*40:91	0.0					0.0
B*40:92	0.0					0.0
B*40:93	0.0					0.0
B*40:94	2E-05					2.5e-05
B*40:95	0.0					
B*40:96	0.0					
B*40:97	0.0					
B*40:98	0.0					
B*40:99	0.0					
B*41	0.014410610932475882	0.037930000000000005	0.037930000000000005	0.011714285714285715	0.011714285714285715	
B*41:01	0.00983731343283582	0.02705	0.02705	0.004200000000000001	0.004200000000000001	
B*41:02	0.0071711111111111125	0.01898333333333333	0.01898333333333333	0.004285714285714286	0.004285714285714286	
B*41:03	0.0007314814814814814	0.0	0.0	0.0	0.0	
B*41:04	0.0	0.0	0.0			
B*41:05	0.0	0.0	0.0			
B*41:06	3.478260869565218e-05	0.0	0.0			
B*41:07	0.000335					
B*41:08	0.0					
B*41:09	0.0	0.0	0.0			
B*41:10	0.0					
B*41:11	0.0					
B*41:12	0.0					
B*41:14	0.00315	0.00315	0.00315			
B*41:15	0.0					
B*41:16	0.0					
B*41:18	0.0001					
B*41:23	0.0107					
B*41:28	0.0003					
B*42	0.007557251908396945	0.0117625	0.0117625	0.00144	0.00144	
B*42:01	0.014574025974025972	0.009128571428571429	0.009128571428571429	0.0033142857142857145	0.0033142857142857145	
B*42:02	0.002675438596491228	0.00215	0.00215	0.001125	0.001125	
B*42:04	0.00036923076923076927	0.0032	0.0032			
B*42:05	1.6666666666666667e-05	0.0	0.0			
B*42:06	1.1111111111111113e-05					
B*42:07	1.6666666666666667e-05					
B*42:08	0.0005333333333333334	0.0032	0.0032			
B*42:09	0.0					
B*42:10	0.0					
B*42:11	0.0					
B*42:12	0.0					
B*42:13	0.0					
B*42:14	0.0					
B*42:15	0.0					
B*42:16	0.0					
B*42:17	0.0					
B*42:18	0.012366666666666666					
B*42:19	0.0					
B*42:20	0.0					
B*44	0.08485085227272728	0.07702499999999997	0.07702499999999997	0.01429	0.01429	
B*44:02	0.0314503937007874	0.029580000000000002	0.029580000000000002	0.029825	0.029825	
B*44:03	0.03483724832214765	0.024433333333333338	0.024433333333333338	0.023047058823529414	0.023047058823529414	
B*44:04	0.0006369369369369369	2E-05	2E-05	0.00013333333333333334	0.00013333333333333334	
B*44:05	0.0026493589743589747	0.0023375	0.0023375	0.0012333333333333337	0.0012333333333333337	
B*44:06	0.002643209876543209	0.0006799999999999999	0.0006799999999999999	0.0002666666666666667	0.0002666666666666667	
B*44:07	0.00260754716981132	0.0	0.0	0.0	0.0	
B*44:08	0.0006306122448979592	0.0	0.0	0.003475	0.003475	
B*44:09	0.0001310344827586207	0.0008	0.0008	0.00030000000000000003	0.00030000000000000003	
B*44:10	0.0013749999999999995	0.00017999999999999998	0.00017999999999999998	0.0	0.0	
B*44:11	0.0002295454545454545	0.0	0.0	0.0048	0.0048	
B*44:12	4.347826086956522e-05	0.0	0.0	0.0	0.0	
B*44:13	3.5294117647058834e-05	0.0	0.0			
B*44:14	0.00032692307692307697	0.0	0.0			
B*44:15	0.0015705882352941177	0.0013333333333333333	0.0013333333333333333			
B*44:16	0.0	0.0	0.0			
B*44:17	9.23076923076923e-05	0.0	0.0			
B*44:18	0.0002523809523809524	0.0	0.0			
B*44:19	0.0	0.0	0.0			
B*44:20	2.3529411764705884e-05	0.0	0.0			
B*44:21	9.583333333333334e-05	0.0	0.0	0.0	0.0	
B*44:22	7.142857142857143e-05	0.0	0.0			
B*44:23	0.0			0.0	0.0	
B*44:24	0.000125			0.0	0.0	
B*44:25	5.882352941176471e-06	0.0001	0.0001			
B*44:26	0.00027272727272727274					
B*44:27	0.002247368421052632					
B*44:28	6.315789473684212e-05					
B*44:29	0.00109375	5E-05	5E-05	0.0	0.0	
B*44:30	0.00022631578947368417					
B*44:31	9.090909090909093e-06					
B*44:32	0.0					
B*44:33	0.0					
B*44:34	0.0					
B*44:35	5.294117647058823e-05	0.0	0.0			
B*44:36	0.0					
B*44:37	0.0					
B*44:38	0,03125	0.0	0.0			
B*44:39	0.0					
B*44:40	0.0					
B*44:41	0.0					
B*44:42	0.0	0.0	0.0			
B*44:43	0.0					
B*44:44	0.0					
B*44:45	0.0032			0.0096	0.0096	
B*44:46	0.00016666666666666666					
B*44:47	0.0					
B*44:48	0.0					
B*44:49	0.0					
B*44:50	0.0					
B*44:51	0.0	0.0	0.0			
B*44:52	0.0					
B*44:53	0.0					
B*44:54	0.0					
B*44:55	0.0					
B*44:56	0.0					
B*44:57	0.0					
B*44:58	0.0					
B*44:59	4E-05					
B*44:60	0.0	0.0	0.0			
B*44:61	0.0					
B*44:62	0.0					
B*44:63	0.0					
B*44:64	0.0					
B*44:65	0.0					
B*44:66	0.0					
B*44:67	0.0					
B*44:68	0.0					
B*44:69	0.0					
B*44:70	0.0					
B*44:71	0.0					
B*44:72	0.0					
B*44:73	0.0					
B*44:74	0.0					
B*44:75	0.0					
B*44:76	0.0					
B*44:77	0.0					
B*44:78	0.0					
B*44:79	0.0					
B*44:80	0.0					
B*44:81	0.0					
B*44:82	0.0					
B*44:83	3.333333333333333e-05	0.0	0.0			
B*44:84	3.333333333333333e-05	0.0	0.0			
B*44:85	0.0					
B*44:86	0.0					
B*44:87	0.0					
B*44:88	0.0					
B*44:89	0.0					
B*44:90	0.0					
B*44:91	0.0					
B*44:92	0.0					
B*44:93	0.0					
B*44:94	0.0					
B*44:95	0.0					
B*44:96	0.0					
B*44:97	0.0					
B*44:98	0.0					
B*44:99	0.0					
B*45	0.01273101045296167	0.01931	0.01931	0.00634	0.00634	
B*45:01	0.013568493150684929	0.02393076923076923	0.02393076923076923	0.00698	0.00698	
B*45:02	0.0002585365853658537	1	1	0.0	0.0	
B*45:03	0.0007133333333333332	0.0	0.0			
B*45:04	0.0005					
B*45:05	0.0					
B*45:06	0.0005					
B*45:07	0.0005					
B*45:08	0.0					
B*45:09	0.0					
B*45:10	0.0					
B*45:11	0.0					
B*46	0.01083909465020576	0.00585	0.00585	0.0	0.0	
B*46:01	0.047798657718120814	0.0002	0.0002	3.333333333333333e-05	3.333333333333333e-05	
B*46:02	9.310344827586206e-05	0.0	0.0			
B*46:03	0.0008571428571428572					
B*46:04	0.0					
B*46:05	0.0					
B*46:06	0.0					
B*46:07	0.0					
B*46:08	0.0					
B*46:09	0.0					
B*46:10	0.0					
B*46:11	1.6666666666666667e-05					
B*46:12	0.0					
B*46:13	0.00011428571428571431					
B*46:14	0.00065					
B*46:15	0.0					
B*46:16	0.0					
B*46:17	0.0					
B*46:18	2.5e-05					
B*46:19	0.0					
B*46:20	2E-05					
B*46:21	0.0					
B*46:22	0.0					
B*46:23	0.0					
B*46:25	0.0					
B*46:26	0.0					
B*46:27	0.0					
B*47	0.0031395604395604393	5	5	0.0	0.0	
B*47:01	0.0034530726256983245	0.005042857142857142	0.005042857142857142	0.0036	0.0036	
B*47:02	0.0001673076923076923	3.333333333333333e-05	3.333333333333333e-05	0.0	0.0	
B*47:03	0.002393846153846153	0.0010142857142857145	0.0010142857142857145	0.0	0.0	
B*47:04	0.0					
B*47:05	0.0					
B*47:06	0.0					
B*47:07	0.0					
B*47:08	0.0					
B*47:09	0.0					
B*48	0.019562068965517244	0.009266666666666666	0.009266666666666666	0.08492999999999999	0.08492999999999999	
B*48:01	0.021345045045045044	0.00035	0.00035	0.07253000000000001	0.07253000000000001	
B*48:02	0.0007171052631578948	0.0	0.0	0.0026000000000000003	0.0026000000000000003	
B*48:03	0.007567777777777778	0.0	0.0	0.0611375	0.0611375	
B*48:04	0.0007789473684210527	0.0	0.0	0.0	0.0	
B*48:05	0.00030000000000000003	0.001775	0.001775	0.0	0.0	
B*48:06	4.761904761904762e-05	0.0	0.0			
B*48:07	0.0015240000000000002	0.0	0.0	0.00305	0.00305	
B*48:08	0.00045					
B*48:09	0.0					
B*48:10	0.0					
B*48:11	0.00016					
B*48:12	7.692307692307692e-06					
B*48:13	0.00021					
B*48:14	0.0					
B*48:15	0.0			0.0	0.0	
B*48:16	0.0					
B*48:17	0.0					
B*48:18	0.0					
B*48:19	0.0					
B*48:20	0.0					
B*48:21	0.0					
B*48:22	0.0					
B*48:23	0.0					
B*48:24	0.0					
B*48:25	0.0					
B*48:26	0.0					
B*49	0.024871383647798742	0.055066666666666673	0.055066666666666673	0.019528571428571426	0.019528571428571426	
B*49:01	0.019451063829787237	0.036006250000000004	0.036006250000000004	0.011041666666666668	0.011041666666666668	
B*49:02	0.0004523809523809524	0.0	0.0			
B*49:03	0.0007	0.0016	0.0016			
B*49:04	0.0					
B*49:05	0.0					
B*49:06	0.0					
B*49:07	0.0					
B*49:08	0.0					
B*49:09	0.0					
B*49:10	0.0					
B*50	0.020777096774193548	0.08048947368421053	0.08048947368421053	0.0038333333333333327	0.0038333333333333327	
B*50:01	0.0179752	0.08492000000000001	0.08492000000000001	0.0092375	0.0092375	
B*50:02	0.0031078260869565216	0.008387499999999999	0.008387499999999999	0.0006000000000000001	0.0006000000000000001	
B*50:04	0.0008406249999999997	2	2			
B*50:05	6.666666666666667e-05					
B*50:06	0.0					
B*50:07	0.0011					
B*50:08	0.0					
B*50:09	0.0					
B*50:12	0.0					
B*50:16	0.0001					
B*51	0.07609691011235954	0.10984210526315792	0.10984210526315792	76	76	
B*51:01	0.04475234159779615	0.07087619047619048	0.07087619047619048	0.04290769230769231	0.04290769230769231	
B*51:02	0.006698324022346368	0.0018714285714285714	0.0018714285714285714	0.0362	0.0362	
B*51:03	0.00021489361702127665	0.0	0.0	0.0	0.0	
B*51:04	0.0011846153846153849	0.0024	0.0024	0.0036666666666666666	0.0036666666666666666	
B*51:05	0.0016565217391304348	0.0012666666666666664	0.0012666666666666664	0.0	0.0	
B*51:06	0.0037018518518518524	0.0002333333333333333	0.0002333333333333333	0.003025	0.003025	
B*51:07	0.0017204545454545454	0.0019222222222222219	0.0019222222222222219	0.000575	0.000575	
B*51:08	0.002837931034482759	0.00648	0.00648	0.00195	0.00195	
B*51:09	0.0005214285714285713	0.00012000000000000003	0.00012000000000000003	0.0011	0.0011	
B*51:10	0.0004836065573770492	6.666666666666667e-05	6.666666666666667e-05	0.0	0.0	
B*51:11	0.0	0.0	0.0	0.0	0.0	
B*51:12	0.0010999999999999998	0.0095	0.0095	0.0	0.0	
B*51:13	9.01639344262295e-05	0.0	0.0	0.0	0.0	
B*51:14	0.0004395833333333333	0.0	0.0	6.666666666666667e-05	6.666666666666667e-05	
B*51:15	0.0004704545454545454	0.0033	0.0033	0.0	0.0	
B*51:16	0.0	0.0	0.0	0.0	0.0	
B*51:17	0.0	0.0	0.0			
B*51:18	0.0003571428571428572	0.0	0.0			
B*51:19	6.153846153846154e-05	0.0	0.0			
B*51:20	0.00010689655172413792	0.0	0.0			
B*51:21	0.00026000000000000003	5E-05	5E-05			
B*51:22	0.000236	0.0	0.0			
B*51:23	0.0	0.0	0.0			
B*51:24	0.0	0.0	0.0			
B*51:26	8.333333333333334e-06					
B*51:27	0.0005					
B*51:28	0.0					
B*51:29	0.0005439999999999999	5E-05	5E-05			
B*51:30	0.0					
B*51:31	0.00038125					
B*51:32	0.00086					
B*51:33	0.0025	0.0	0.0			
B*51:34	7.333333333333333e-05	0.0	0.0			
B*51:35	0.0					
B*51:36	7.142857142857143e-05					
B*51:37	3.333333333333333e-05					
B*51:38	0.0					
B*51:39	0.0					
B*51:40	0.0					
B*51:41	0.0					
B*51:42	2.5e-05					
B*51:43	0.0004625					
B*51:44	0.0					
B*51:45	0.0					
B*51:46	0.0					
B*51:48	0.0					
B*51:49	0.0					
B*51:50	2.5e-05					
B*51:51	0.0					
B*51:52	0.0					
B*51:53	0.0					
B*51:54	0.0	0.0	0.0			
B*51:55	2.5e-05					
B*51:56	0.0					
B*51:57	0.0					
B*51:58	0.0					
B*51:59	0.0					
B*51:60	0.0					
B*51:61	0.007975					
B*51:62	0.0					
B*51:63	0.000225					
B*51:64	0.0008	0.0032	0.0032			
B*51:65	0.00024					
B*51:66	0.0					
B*51:67	0.0					
B*51:68	0.0					
B*51:69	0.0	0.0	0.0			
B*51:70	0.0					
B*51:71	0.0					
B*51:72	0.0					
B*51:73	0.00014285714285714287			1	1	
B*51:74	0.0					
B*51:75	0.0					
B*51:76	0.01405					
B*51:77	5E-05					
B*51:78	0.0					
B*51:79	0.0					
B*51:80	0.0					
B*51:81	0.0					
B*51:82	0.0					
B*51:83	0.0					
B*51:84	0.0					
B*51:85	0.0					
B*51:86	0.0					
B*51:87	0.0					
B*51:88	0.0					
B*51:89	0.0					
B*51:90	0.0					
B*51:91	0.0					
B*51:92	0.0					
B*51:93	0.0					
B*51:95	0.0					
B*51:98	0.0					
B*52	0.025993272171253825	0.02930625	0.02930625	0.048442857142857135	0.048442857142857135	
B*52:01	0.02354417910447761	0.02260952380952381	0.02260952380952381	0.023834615384615385	0.023834615384615385	
B*52:02	0.0005884615384615385	0.0	0.0	1	1	
B*52:03	0.0	0.0	0.0			
B*52:04	0.0002285714285714285	0.0	0.0			
B*52:05	0.00010416666666666663					
B*52:06	0.00013636363636363634					
B*52:07	0.0					
B*52:08	0.0					
B*52:09	0.0					
B*52:10	0.0					
B*52:11	0.00047777777777777776					
B*52:12	0.0					
B*52:13	0.0					
B*52:14	0.0					
B*52:15	0.0					
B*52:16	0.0					
B*52:17	0.0					
B*52:18	0.0					
B*52:19	0.0					
B*52:30	8.571428571428573e-05					
B*53	0.017377441077441082	0.02793333333333333	0.02793333333333333	0.0070714285714285705	0.0070714285714285705	
B*53:01	0.023161603375527428	0.022486666666666662	0.022486666666666662	0.008780000000000001	0.008780000000000001	
B*53:02	0.0010196078431372552	0.0016666666666666668	0.0016666666666666668	0.0018	0.0018	
B*53:03	0.000884090909090909	0.0	0.0	0.00345	0.00345	
B*53:04	0.00020606060606060607	0.0	0.0			
B*53:05	0.0008466666666666668	5E-05	5E-05	0.0	0.0	
B*53:06	0.0	0.0	0.0			
B*53:07	0.00047058823529411766	0.0	0.0			
B*53:08	0.000824	0.0	0.0			
B*53:09	7.692307692307692e-06					
B*53:10	0.0012555555555555558	0.0	0.0			
B*53:11	0.0					
B*53:12	0.0					
B*53:13	0.0					
B*53:14	0.0006666666666666666	0.0	0.0			
B*53:15	0.0					
B*53:16	0.0	0.0	0.0			
B*53:17	0.0					
B*53:18	0.0					
B*53:19	0.0					
B*53:20	0.0					
B*53:21	0.0					
B*53:22	0.00315	0.0063	0.0063			
B*53:24	0.0	0.0	0.0			
B*54	0.006576890756302522	0.0014	0.0014	0.0	0.0	
B*54:01	0.015426618705035968	0.0001	0.0001	0.0	0.0	
B*54:02	0.00013333333333333334	0.0	0.0			
B*54:03	0.0	0.0	0.0			
B*54:04	1.1111111111111113e-05	0.0	0.0			
B*54:05	0.0	0.0	0.0			
B*54:06	0.0	0.0	0.0			
B*54:07	0.0	0.0	0.0			
B*54:08	0.0	0.0	0.0			
B*54:09	0.0	0.0	0.0			
B*54:10	0.0	0.0	0.0			
B*54:11	0.0	0.0	0.0			
B*54:12	0.0	0.0	0.0			
B*54:13	0.0	0.0	0.0			
B*54:14	0.0	0.0	0.0			
B*54:15	0.0	0.0	0.0			
B*54:16	0.0	0.0	0.0			
B*54:17	0.0					
B*54:18	0.01488	0.0	0.0			
B*54:19	0.0	0.0	0.0			
B*54:20	0.0	0.0	0.0			
B*54:21	2.5e-05	0.0	0.0			
B*54:22	0.0	0.0	0.0			
B*54:23	0.0	0.0	0.0			
B*54:24	0.0	0.0	0.0			
B*54:25	0.0	0.0	0.0			
B*54:26	0.0	0.0	0.0			
B*55	0.014948192771084341	0.025266666666666663	0.025266666666666663	0.004866666666666666	0.004866666666666666	
B*55:01	0.01300909090909091	0.014342857142857143	0.014342857142857143	0.007944444444444445	0.007944444444444445	
B*55:02	0.019354225352112682	7.999999999999999e-05	7.999999999999999e-05	0.0	0.0	
B*55:03	0.0009195652173913043	0.0	0.0	0.0	0.0	
B*55:04	0.0011234375	0.0	0.0	0.0	0.0	
B*55:05	9.2e-05	0.0	0.0	0.0	0.0	
B*55:07	0.000548780487804878	0.0	0.0	0.0	0.0	
B*55:08	7.142857142857143e-05	0.0	0.0	0.0	0.0	
B*55:09	0.0	0.0	0.0			
B*55:10	0.00035294117647058826	0.0	0.0			
B*55:11	6.666666666666666e-05					
B*55:12	0.0004970588235294117					
B*55:13	0.0002888888888888889					
B*55:14	0.0					
B*55:15	0.001161111111111111					
B*55:16	0.000125					
B*55:17	0.0005	0.0032	0.0032			
B*55:18	0.0007571428571428573					
B*55:19	0.0					
B*55:20	0.0					
B*55:21	0.0					
B*55:22	0.0					
B*55:23	0.0005399999999999999					
B*55:24	0.0					
B*55:25	0.0					
B*55:26	0.0					
B*55:27	0.0					
B*55:28	0.0					
B*55:29	0.0					
B*55:30	0.0					
B*55:31	0.0					
B*55:32	0.0008666666666666666					
B*55:33	0.0					
B*55:34	0.0					
B*55:35	0.0					
B*55:36	0.0					
B*55:37	0.0					
B*55:38	0.0					
B*55:39	0.0					
B*55:41	0.0					
B*55:46	0.0004					
B*55:49	0.0			0.0	0.0	
B*56	0.006147535211267605	0.0036	0.0036	0.0	0.0	
B*56:01	0.018335042735042738	0.0022125	0.0022125	0.004914285714285714	0.004914285714285714	
B*56:02	0.012811904761904762	0.0	0.0	0.0	0.0	
B*56:03	0.002475	0.0	0.0	0.0	0.0	
B*56:04	0.0019466666666666664	2.5e-05	2.5e-05	0.0	0.0	
B*56:05	0.0006962264150943396	0.0	0.0	0.0	0.0	
B*56:06	0.000275	0.0	0.0			
B*56:07	0.00038571428571428567	0.0	0.0			
B*56:08	0.0					
B*56:09	6.666666666666667e-05					
B*56:10	0.0002190476190476191	0.0032	0.0032			
B*56:11	6.470588235294117e-05	0.0	0.0			
B*56:12	0.0					
B*56:13	0.0					
B*56:14	0.0					
B*56:15	1.2e-05	0.0	0.0			
B*56:16	1.5789473684210526e-05					
B*56:17	1.764705882352941e-05					
B*56:18	0.0					
B*56:19	0,01875					
B*56:20	0.0005578947368421053					
B*56:21	0.0					
B*56:22	0.0					
B*56:23	0.0					
B*56:24	0.0					
B*56:25	0.0					
B*56:26	0.0					
B*56:27	0.0					
B*56:43	0.0544					
B*57	0.022935240963855418	0.019794117647058827	0.019794117647058827	0.003314285714285714	0.003314285714285714	
B*57:01	0.02125791666666666	0.011952941176470588	0.011952941176470588	0.013292307692307694	0.013292307692307694	
B*57:02	0.002631782945736434	0.00105	0.00105	0.00055	0.00055	
B*57:03	0.008320886075949366	0.006638461538461538	0.006638461538461538	0.0108	0.0108	
B*57:04	0.0010022222222222225	2.5e-05	2.5e-05	0.0	0.0	
B*57:05	0.0005285714285714286	0.00425	0.00425	0.0	0.0	
B*57:06	0.0005250000000000001	0.0	0.0			
B*57:07	0.0	0.0	0.0			
B*57:08	7.692307692307692e-06					
B*57:09	0.0					
B*57:10	0.0001					
B*57:11	0.0					
B*57:12	0.0	0.0	0.0			
B*57:13	0.0					
B*57:14	5E-05	0.0	0.0			
B*57:15	0.0					
B*57:16	0.0					
B*57:17	5E-05	0.0	0.0			
B*57:18	0.0					
B*57:19	0.0					
B*57:20	0.0					
B*57:21	0.0					
B*57:22	0.0	0.0	0.0			
B*57:23	0.0					
B*57:24	0.0					
B*57:25	0.0036000000000000008					
B*57:26	0.00013333333333333334					
B*57:27	0.0					
B*57:29	0.0					
B*57:30	0.0					
B*57:34	0.0					
B*57:40	0.0					
B*57:63	0.0005					
B*57:76	0.0018					
B*58	0.02383197492163009	0.023922222222222227	0.023922222222222227	0.0015	0.0015	
B*58:01	0.03362242647058823	0.02935625	0.02935625	0.009346153846153846	0.009346153846153846	
B*58:02	0.01633389830508475	0.008257142857142857	0.008257142857142857	0.0035600000000000002	0.0035600000000000002	
B*58:04	8.181818181818183e-05	0.0	0.0			
B*58:05	2.9629629629629633e-05	0.0	0.0			
B*58:06	0.0009838709677419354	0.0075	0.0075			
B*58:07	0.0					
B*58:08	0.0005076923076923077	0.0032	0.0032			
B*58:09	0.0					
B*58:10	0.0					
B*58:11	0.0					
B*58:12	0.0					
B*58:13	0.0					
B*58:14	0.0					
B*58:15	0.0					
B*58:16	4E-05					
B*58:17	0.0					
B*58:18	0.0					
B*58:19	7.142857142857143e-05	0.0	0.0			
B*58:20	6.666666666666667e-05					
B*58:21	0.0010666666666666667	0.0032	0.0032			
B*58:22	0.0010666666666666667	0.0032	0.0032			
B*58:23	0.0					
B*58:24	0.0					
B*58:25	0.00013846153846153845			1	1	
B*58:26	0.0					
B*58:27	0.0					
B*58:28	0.0					
B*58:29	0.0					
B*58:32	0.0					
B*58:33	6.666666666666667e-05					
B*58:34	0.0008999999999999998					
B*58:40	8E-05					
B*58:48	8E-05					
B*59	0.0013151219512195125	0.0045	0.0045	0.0	0.0	
B*59:01	0.0037194444444444436	0.0	0.0	0.0	0.0	
B*59:02	0.0					
B*59:03	0.0					
B*59:04	0.0					
B*59:05	0.0					
B*59:06	0.0					
B*67	0.0013050925925925925	0.0006666666666666666	0.0006666666666666666	0.0	0.0	
B*67:01	0.0026971962616822425	0.0	0.0	3.333333333333333e-05	3.333333333333333e-05	
B*67:02	1.3333333333333333e-05					
B*67:03	0.0					
B*67:04	0.0					
B*73	0.0013057522123893807	0.0033333333333333327	0.0033333333333333327	0.0075	0.0075	
B*73:01	0.00186484375	0.004575	0.004575	0.000275	0.000275	
B*78	0.002099547511312217	0.004025	0.004025	0.0	0.0	
B*78:01	0.005088775510204082	0.0053375	0.0053375	0.0020666666666666667	0.0020666666666666667	
B*78:02	0.0008164179104477612	0.0012555555555555558	0.0012555555555555558	0.00358	0.00358	
B*78:03	0.0005925925925925926	0.0025	0.0025	0.0	0.0	
B*78:04	1.0526315789473683e-05	0.0	0.0	0.0	0.0	
B*78:05	0.0003333333333333333	0.0	0.0			
B*78:06	0.0	0.0	0.0			
B*78:07	0.0	0.0	0.0			
B*81	0.00231530612244898	0.0013333333333333333	0.0013333333333333333	3	3	
B*81:01	0.007972115384615385	0.00405	0.00405	0.0010999999999999998	0.0010999999999999998	
B*81:02	0.0003333333333333333					
B*81:03	0.0					
B*81:04	0.0					
B*81:05	0.0					
B*81:06	0.0					
B*82	0.0004729411764705883	0.006333333333333333	0.006333333333333333	0.0	0.0	
B*82:01	0.0015543859649122804	2E-05	2E-05	0.0	0.0	
B*82:02	0.00173125	0.0005399999999999999	0.0005399999999999999	0.0001	0.0001	
B*82:03	0.0					
B*83	0.0	0.0	0.0	0.0	0.0	
B*83:01	0.0	0.0	0.0			
C*01	0.051720000000000016	0.0141	0.0141			
C*01:02	0.0778969827586207	0.009966666666666664	0.009966666666666664	0.07731578947368421	0.07731578947368421	
C*01:03	0.0026971428571428576	0.0	0.0	0.0	0.0	
C*01:04	0.0008724137931034482	0.0016	0.0016			
C*01:05	0.00019411764705882357	0.0	0.0			
C*01:06	0.001535			0.0192	0.0192	
C*01:07	0.0					
C*01:08	8E-05					
C*01:09	0.0					
C*01:10	0.0003571428571428572					
C*01:11	0.0008666666666666666					
C*01:12	0.00064	0.0032	0.0032			
C*01:13	0.0					
C*01:14	0.000125					
C*01:15	0.0					
C*01:16	0.0004599999999999999					
C*01:17	0.00075	0.0032	0.0032			
C*01:18	5.714285714285714e-05					
C*01:19	0.0					
C*01:20	0.0					
C*01:21	0.0					
C*01:22	0.0002					
C*01:23	0.0					
C*01:24	0.0					
C*01:25	0.0					
C*01:26	0.0					
C*01:27	0.0					
C*01:28	0.0					
C*01:29	0.0					
C*01:30	0.00016666666666666666					
C*01:31	0.0					
C*01:32	0.0004285714285714286	0.0	0.0			
C*01:33	0.0					
C*01:34	0.0					
C*01:44	0.00145					
C*01:51	0.0					
C*01:52	0.0001					
C*01:54	0.0					
C*01:57	0.1996					
C*02	0.05234742268041237	0.0492	0.0492			
C*02:02	0.028335185185185182	0.033846153846153845	0.033846153846153845	0.05432666666666666	0.05432666666666666	
C*02:03	0.002342857142857143	0.0275	0.0275	0.0	0.0	
C*02:04	0.00031875	0.0	0.0	0.00255	0.00255	
C*02:05	0.0006846153846153846	0.0016	0.0016			
C*02:06	4.666666666666667e-05	0.0	0.0	0.0001	0.0001	
C*02:07	6.25e-06	0.0	0.0			
C*02:08	0.00011875	0.0	0.0			
C*02:09	0.008625					
C*02:10	0.01042957746478873	0.01195	0.01195			
C*02:11	0.0					
C*02:12	0.0					
C*02:13	0.0					
C*02:14	5E-05	0.0	0.0			
C*02:15	0.0					
C*02:16	0.0					
C*02:17	1					
C*02:18	5E-05					
C*02:19	6.666666666666667e-05					
C*02:20	0.000125					
C*02:21	0.0					
C*02:22	0.0					
C*02:23	0.0					
C*02:24	0.0					
C*02:25	0.0					
C*02:26	0.0	0.0	0.0			
C*02:27	0.00035					
C*02:28	0.0	0.0	0.0			
C*02:29	3.333333333333333e-05					
C*02:30	0.0					
C*02:31	0.0					
C*02:34	0.0					
C*02:43	0.0016	0.0016	0.0016			
C*02:56	0.0					
C*02:75	1					
C*03	0.10449310344827584	0.0469	0.0469			
C*03:02	0.025946473029045642	0.019618181818181816	0.019618181818181816	0.01923	0.01923	
C*03:03	0.04187833935018051	0.00692	0.00692	0.03318421052631579	0.03318421052631579	
C*03:04	0.06980244755244755	0.0075833333333333326	0.0075833333333333326	0.153075	0.153075	
C*03:05	0.0134506329113924	5E-05	5E-05	0.04515454545454545	0.04515454545454545	
C*03:06	0.0019057692307692304	0.0	0.0	0.00036666666666666667	0.00036666666666666667	
C*03:07	0.0010512820512820515	0.0	0.0	5E-05	5E-05	
C*03:08	0.0002093023255813953	0.0	0.0	0.0	0.0	
C*03:09	0.0008384615384615385	0.0	0.0	0.0	0.0	
C*03:10	0.00013793103448275865	0.0	0.0			
C*03:11	0.0004545454545454546	0.0	0.0	0.0033333333333333327	0.0033333333333333327	
C*03:13	0.005833333333333333	0.0	0.0			
C*03:14	0.0001	0.0	0.0			
C*03:15	0.0013538461538461536	0.0	0.0			
C*03:16	0.0029347826086956524	5E-05	5E-05	0.0002	0.0002	
C*03:17	0.0006000000000000001					
C*03:18	0.0					
C*03:19	0.0005933333333333332	3.333333333333333e-05	3.333333333333333e-05			
C*03:20	0.0					
C*03:21	0.0001			0.0002	0.0002	
C*03:22	0.0					
C*03:23	0.0004875					
C*03:24	0.0005923076923076923					
C*03:25	0.00011538461538461538					
C*03:26	0.00055					
C*03:27	0.00020625					
C*03:28	0.002425			0.0096	0.0096	
C*03:29	0.00014			0.0002	0.0002	
C*03:30	0.0					
C*03:31	0.0					
C*03:32	0.0002					
C*03:33	0.0					
C*03:34	3.333333333333333e-05					
C*03:35	0.0					
C*03:36	0.0002					
C*03:37	6.666666666666666e-05					
C*03:38	0.00022307692307692303					
C*03:39	0.0					
C*03:40	0.0					
C*03:41	0.0002666666666666667			0.0008	0.0008	
C*03:42	0.0001					
C*03:43	6.666666666666667e-05					
C*03:44	0.0	0.0	0.0			
C*03:45	0.0					
C*03:46	0.00016666666666666666					
C*03:47	0.0					
C*03:48	0.0					
C*03:49	0.0					
C*03:50	0.0					
C*03:51	0.0					
C*03:52	0.0					
C*03:53	0.0					
C*03:54	0.0					
C*03:55	0.0					
C*03:56	0.0002					
C*03:57	0.0					
C*03:58	0.0					
C*03:59	0.0					
C*03:60	0.0010666666666666667	0.0032	0.0032			
C*03:61	0.0					
C*03:62	0.0					
C*03:63	0.0					
C*03:64	5E-05					
C*03:65	0.0					
C*03:66	0.0					
C*03:67	0.0001					
C*03:68	0.0					
C*03:69	0.0					
C*03:70	0.0					
C*03:71	0.0					
C*03:72	0.0					
C*03:73	0.0					
C*03:74	0.0					
C*03:75	0.0					
C*03:76	0.0					
C*03:77	0.0					
C*03:78	0.0					
C*03:79	0.0					
C*03:81	0.0001					
C*03:82	0.0					
C*03:86	0.0001					
C*03:88	0.00015	0.0001	0.0001			
C*03:94	3.333333333333333e-05	0.0001	0.0001			
C*03:12	0.0					
C*04	0.14088818181818186	0.1108	0.1108			
C*04:01	0.11011264367816093	0.08969999999999999	0.08969999999999999	0.14194545454545454	0.14194545454545454	
C*04:03	0.02839379310344828	0.001525	0.001525	0.00045999999999999996	0.00045999999999999996	
C*04:04	0.0055829545454545455	0.000725	0.000725	0.035342857142857134	0.035342857142857134	
C*04:05	8E-05	1	1	0.0	0.0	
C*04:06	0.0013640624999999998	0.0001	0.0001	0.0	0.0	
C*04:07	0.005001587301587301	0.001825	0.001825			
C*04:08	0.0002565217391304348	0.0	0.0			
C*04:09	0.0022333333333333333	0.0	0.0	0.0189	0.0189	
C*04:10	0.00104375	5E-05	5E-05			
C*04:11	0.0008214285714285714	0.0063	0.0063			
C*04:12	0.0					
C*04:13	8.235294117647058e-05	0.0001	0.0001	0.0	0.0	
C*04:14	7.857142857142858e-05			0.0002	0.0002	
C*04:15	0.001565			0.0192	0.0192	
C*04:16	0.0014999999999999998	0.0063	0.0063			
C*04:17	0.0					
C*04:18	0.0					
C*04:19	0.0					
C*04:20	0.0010666666666666667	0.0032	0.0032			
C*04:23	0.0					
C*04:24	0.00012857142857142858					
C*04:25	0.0008500000000000001					
C*04:26	1.6666666666666667e-05					
C*04:27	8.571428571428573e-05					
C*04:28	0.0					
C*04:29	0.0009333333333333332	0.0063	0.0063			
C*04:30	3.333333333333333e-05					
C*04:31	0.00016666666666666666					
C*04:32	0.0					
C*04:33	3.333333333333333e-05					
C*04:34	0.0					
C*04:35	0.0					
C*04:36	0.0					
C*04:37	0.00072	0.0032	0.0032			
C*04:38	0.0					
C*04:39	0.0					
C*04:40	0.0					
C*04:41	0.0					
C*04:42	0.0	0.0	0.0			
C*04:43	0.04105					
C*04:44	0.0					
C*04:45	0.0					
C*04:46	0.0	0.0	0.0			
C*04:47	0.0					
C*04:48	0.0					
C*04:49	0.0					
C*04:50	0.0					
C*04:51	0.0					
C*04:52	0.0					
C*04:53	0.0					
C*04:54	0.0010666666666666667	0.0016	0.0016			
C*04:55	0.0					
C*04:58	0.0					
C*04:63	0.0					
C*04:77	5E-05					
C*04:78	0.0					
C*04:82	0.003366666666666667					
C*04:98	5					
C*04:22	0.0011			0.0011	0.0011	
C*05	0.04677173913043478	0.0372	0.0372			
C*05:01	0.03877981220657277	0.03467	0.03467	0.03033333333333333	0.03033333333333333	
C*05:03	0.0006866666666666668	8	8			
C*05:04	0.00025517241379310353	0.0	0.0			
C*05:05	0.0					
C*05:06	0.0					
C*05:07	3.333333333333333e-05	0.0	0.0	0.0001	0.0001	
C*05:08	2.1428571428571428e-05			0.0	0.0	
C*05:09	0.004715	0.05966666666666666	0.05966666666666666	0.0	0.0	
C*05:10	0.0			0.0	0.0	
C*05:11	0.0					
C*05:12	0.0					
C*05:13	0.0					
C*05:14	0.00012142857142857142					
C*05:15	3.333333333333333e-05					
C*05:16	0.0					
C*05:17	0.0					
C*05:18	2.5e-05	0.0001	0.0001			
C*05:19	0.0					
C*05:20	0.0001					
C*05:21	0.0					
C*05:22	0.0					
C*05:23	0.0					
C*05:24	0.0					
C*05:25	0.0010666666666666667	0.0032	0.0032			
C*05:26	0.0					
C*05:27	0.0					
C*05:28	0.0					
C*05:29	0.001575	0.0063	0.0063			
C*05:30	0.0					
C*05:31	0.0					
C*05:32	0.0					
C*05:33	0.0					
C*05:34	5E-05					
C*05:36	0.0					
C*05:37	0.0003					
C*05:38	0.0					
C*05:39	0.0	0.0	0.0			
C*05:42	0.0	0.0	0.0			
C*05:47	0.0					
C*05:65	0.0002					
C*05:80	0.0					
C*06	0.08332247191011236	182	182			
C*06:02	0.07907591836734695	0.13750833333333334	0.13750833333333334	0.034536363636363636	0.034536363636363636	
C*06:03	0.00018421052631578948	0.0	0.0	0.0	0.0	
C*06:04	0.0009317073170731707	0.0026666666666666666	0.0026666666666666666	0.0	0.0	
C*06:05	0.0	0.0	0.0			
C*06:06	0.0010275862068965516	3.333333333333333e-05	3.333333333333333e-05	0.0	0.0	
C*06:07	0.0	0.0	0.0			
C*06:08	0.0005	0.0063	0.0063			
C*06:09	0.0002			0.0	0.0	
C*06:10	0.0					
C*06:11	0.0013923076923076925	0.0063	0.0063			
C*06:12	0.0	0.0	0.0			
C*06:13	0.00013333333333333334					
C*06:14	0.0024			0.0096	0.0096	
C*06:15	4.285714285714285e-05					
C*06:16	0.00025			1	1	
C*06:17	0.001205	0.0032	0.0032			
C*06:18	2.5e-05					
C*06:19	0.0					
C*06:20	0.0					
C*06:21	0.0					
C*06:22	0.0					
C*06:23	0.0					
C*06:24	0.00016666666666666666					
C*06:25	0.0					
C*06:26	0.0					
C*06:27	7.500000000000001e-05	0.0001	0.0001			
C*06:28	6.666666666666667e-05					
C*06:29	0.0					
C*06:30	0.0021	0.00315	0.00315			
C*06:32	0.0					
C*06:38	0.0001			0.0001	0.0001	
C*06:39	0.0					
C*06:43	0.0					
C*06:47	0.0					
C*06:49	0.0	0.0	0.0			
C*06:50	0.0					
C*06:53	0.0008					
C*06:57	0.0					
C*06:70	0.0					
C*06:73	0.0001					
C*06:86	0.0					
C*06:89	0.0001					
C*06:96	0.0001					
C*06:98	5					
C*07	0.2360106796116505	0.20985	0.20985			
C*07:01	0.07426526315789474	0.06825625	0.06825625	0.06948666666666667	0.06948666666666667	
C*07:02	0.11927666666666666	0.05476428571428572	0.05476428571428572	0.21166111111111116	0.21166111111111116	
C*07:03	0.0039895833333333346	0.0	0.0	5E-05	5E-05	
C*07:04	0.014695631067961169	0.005628571428571429	0.005628571428571429	0.007225	0.007225	
C*07:05	0.0013955882352941176	0.00135	0.00135	0.0032	0.0032	
C*07:06	0.005692307692307693	0.006533333333333333	0.006533333333333333	0.00025	0.00025	
C*07:07	0.000775	0.0	0.0	0.0	0.0	
C*07:08	0.0022447368421052638	0.0	0.0	0.0	0.0	
C*07:09	9.736842105263156e-05	0.0	0.0	0.0	0.0	
C*07:10	0.0006661290322580646	0.0016	0.0016	0.0	0.0	
C*07:11	0.0	0.0	0.0	0.0	0.0	
C*07:12	4.516129032258065e-05	0.0	0.0	0.0	0.0	
C*07:13	0.0005810810810810812	0.002133333333333333	0.002133333333333333			
C*07:14	0.0006764705882352942	0.0	0.0			
C*07:15	7.692307692307692e-06	0.0	0.0			
C*07:16	3.023255813953489e-05	0.0	0.0			
C*07:17	0.002819672131147541	0.0	0.0	1.8181818181818185e-05	1.8181818181818185e-05	
C*07:18	0.007329999999999999	0.0	0.0			
C*07:19	0.0021100000000000003	1	1			
C*07:20	0.0					
C*07:21	0.0002846153846153846	1	1			
C*07:22	0.0005					
C*07:23	0.0			0.0	0.0	
C*07:24	0.0011434782608695652					
C*07:25	9.090909090909093e-06					
C*07:26	0.0014423076923076926	0.0002	0.0002			
C*07:27	0.001775	0.0	0.0			
C*07:28	0.0001375					
C*07:29	0.0006655172413793103	5E-05	5E-05			
C*07:30	0.0	0.0	0.0			
C*07:31	0.006900000000000001					
C*07:32	0.0002					
C*07:33	0.0001					
C*07:35	0.0001					
C*07:36	2E-05	0.0	0.0			
C*07:37	0.0004					
C*07:38	0.0					
C*07:39	0.0					
C*07:40	5E-05	0.0	0.0			
C*07:41	0.0010666666666666667	0.0032	0.0032			
C*07:42	0.0					
C*07:43	0.00015454545454545454					
C*07:44	0.00036666666666666667					
C*07:45	0.0					
C*07:46	0.0001					
C*07:47	0.0					
C*07:48	0.000925					
C*07:49	0.0007800000000000001	0.0032	0.0032			
C*07:50	0.0					
C*07:51	1.4285714285714289e-05	0.0	0.0			
C*07:52	0.0					
C*07:53	0.0					
C*07:54	0.0					
C*07:55	3.333333333333333e-05					
C*07:56	0.00032000000000000013					
C*07:57	0.0					
C*07:58	0.0	0.0	0.0			
C*07:59	0.0					
C*07:60	1.6666666666666667e-05					
C*07:61	0.0					
C*07:62	0.0					
C*07:63	3.333333333333333e-05					
C*07:64	0.0					
C*07:65	0.0					
C*07:66	0.0003					
C*07:67	0.00016666666666666666					
C*07:68	6.0000000000000015e-05	0.0	0.0			
C*07:69	0.0					
C*07:70	0.0					
C*07:71	0.0					
C*07:72	0.0	0.0	0.0			
C*07:73	0.0					
C*07:74	0.0					
C*07:75	0.0					
C*07:76	0.0010666666666666667	0.0016	0.0016			
C*07:77	0.0					
C*07:78	0.0					
C*07:79	0.0					
C*07:80	0.0002					
C*07:81	0.0					
C*07:82	0.0					
C*07:83	0.0					
C*07:84	0.0					
C*07:85	0.0	0.0	0.0			
C*07:86	0.0					
C*07:87	0.0					
C*07:88	0.0					
C*07:89	0.0					
C*07:90	0.0					
C*07:91	0.0					
C*07:92	0.0					
C*07:93	0.0					
C*07:94	0.0					
C*07:95	0.00013333333333333334	0.0	0.0			
C*07:96	0.0					
C*07:97	0.0					
C*07:98	0.0					
C*07:99	0.0					
C*07:34	1					
C*08	0.052734615384615394	0.02205	0.02205			
C*08:01	0.04882932692307692	0.00908	0.00908	0.05820625	0.05820625	
C*08:02	0.02652425742574257	0.031425	0.031425	0.02051333333333333	0.02051333333333333	
C*08:03	0.007052727272727272	0.00016666666666666666	0.00016666666666666666	0.019845454545454548	0.019845454545454548	
C*08:04	0.003905405405405405	0.0019	0.0019	0.0013666666666666664	0.0013666666666666664	
C*08:05	0.0003225806451612903	0.0	0.0	0.0	0.0	
C*08:06	0.004002941176470589	0.0	0.0	0.04536666666666666	0.04536666666666666	
C*08:07	6.6666666666666675e-06	0.0	0.0			
C*08:08	6.923076923076922e-05	0.0	0.0			
C*08:09	0.0	0.0	0.0			
C*08:10	0.00024615384615384614	0.0	0.0			
C*08:11	2.307692307692308e-05					
C*08:12	5.9999999999999995e-05					
C*08:13	0.00204	19	19	0.0002	0.0002	
C*08:14	0.0					
C*08:15	6.666666666666667e-05	0.0	0.0			
C*08:16	0.0001333333333333333					
C*08:17	0.0					
C*08:18	0.0					
C*08:19	0.0					
C*08:20	0.00016666666666666666					
C*08:21	0.0003					
C*08:22	3					
C*08:23	0.0	0.0	0.0			
C*08:24	0.0					
C*08:25	0.00315	0.0063	0.0063			
C*08:26	0.0					
C*08:27	0.0001					
C*08:28	0.0	0.0	0.0			
C*08:29	0.0	0.0	0.0			
C*08:30	0.0					
C*08:31	0.0					
C*08:34	0.0032	0.0032	0.0032			
C*08:35	0.0					
C*08:38	0.0005					
C*08:41	0.0001					
C*08:42	0.0					
C*08:43	0.0					
C*08:72	0.0254			0.0002	0.0002	
C*08:92	1					
C*12	0.08610860215053764	0.07295	0.07295			
C*12:02	0.02576716981132076	0.01320625	0.01320625	0.006849999999999999	0.006849999999999999	
C*12:03	0.038903846153846164	0.038075	0.038075	0.019292307692307692	0.019292307692307692	
C*12:04	0.001451	0.0034857142857142856	0.0034857142857142856	5E-05	5E-05	
C*12:05	0.0005740000000000001	0.0002	0.0002	2	2	
C*12:06	0.0	0.0	0.0	0.0	0.0	
C*12:07	0.0004162162162162162	0.0	0.0			
C*12:08	0.0	0.0	0.0			
C*12:09	5.3846153846153853e-05	0.0	0.0			
C*12:10	0.0	0.0	0.0			
C*12:11	0.0					
C*12:12	0.000175					
C*12:13	0.00014285714285714284	0.0001	0.0001			
C*12:14	0.00028					
C*12:15	7.5e-05					
C*12:16	0.00015714285714285716					
C*12:17	0.0					
C*12:18	0.00126	0.0063	0.0063			
C*12:19	0.0			0.0	0.0	
C*12:20	0.0					
C*12:21	0.0					
C*12:22	0.0					
C*12:23	0.0					
C*12:24	0.0					
C*12:25	0.0					
C*12:26	0.0					
C*12:27	0.0					
C*12:28	0.0					
C*12:29	0.0					
C*12:30	0.0					
C*12:31	0.0					
C*12:34	0.002133333333333333	0.0063	0.0063			
C*12:51	0.0					
C*12:73	0.0001					
C*12:98	0.0002					
C*12:99	0.0					
C*14	0.027135779816513758	0.0217	0.0217			
C*14:02	0.022066228070175442	0.010335714285714285	0.010335714285714285	0.009881818181818179	0.009881818181818179	
C*14:03	0.008387596899224806	0.00202	0.00202	0.00026000000000000003	0.00026000000000000003	
C*14:04	0.00014523809523809525	0.0	0.0	0.0	0.0	
C*14:05	1.5384615384615384e-05	0.0	0.0			
C*14:06	0.002330769230769231					
C*14:07	0.00025384615384615387					
C*14:08	0.00025384615384615387					
C*14:09	0.0					
C*14:10	0.0					
C*14:11	1.4285714285714289e-05					
C*14:12	0.0					
C*14:13	0.0					
C*14:14	0.0					
C*14:15	0.0					
C*14:55	0.0003					
C*15	0.049069444444444436	0.09395	0.09395	65	65	
C*15:02	0.03438884297520661	0.03674666666666667	0.03674666666666667	0.023852941176470587	0.023852941176470587	
C*15:03	0.004217777777777778	0.0	0.0	0.0655	0.0655	
C*15:04	0.0026774999999999998	0.006633333333333334	0.006633333333333334	0.012957142857142858	0.012957142857142858	
C*15:05	0.007722751322751324	0.020844444444444443	0.020844444444444443	0.005577777777777778	0.005577777777777778	
C*15:06	0.0007421052631578947	0.0001333333333333333	0.0001333333333333333	0.0	0.0	
C*15:07	0.0036925373134328358	5E-05	5E-05	0.0075	0.0075	
C*15:08	0.0008205128205128206	0.0025	0.0025	0.0	0.0	
C*15:09	0.002757142857142857	0.0	0.0	0.0014	0.0014	
C*15:10	0.0005099999999999999	0.0	0.0			
C*15:11	0.0001933333333333333	0.0	0.0			
C*15:12	7.777777777777778e-05					
C*15:13	0.0034916666666666672	0.012366666666666666	0.012366666666666666			
C*15:15	0.00047142857142857137			0.0023	0.0023	
C*15:16	0.0					
C*15:17	0.0001111111111111111	0.0	0.0			
C*15:18	0.0					
C*15:19	5E-05					
C*15:21	0.0008	0.0032	0.0032			
C*15:22	0.0	0.0	0.0			
C*15:23	0.0					
C*15:24	0.0					
C*15:25	0.0					
C*15:26	0.0					
C*15:27	7.5e-05					
C*15:28	0.0					
C*15:29	1					
C*15:30	0.0001	0.0001	0.0001			
C*15:36	0.0	0.0	0.0			
C*15:39	0.0					
C*15:45	0.0					
C*15:48	0.0					
C*15:50	0.0					
C*15:62	0.0	0.0	0.0			
C*15:64	1					
C*15:76	0.0003					
C*16	0.0384	0.08445	0.08445			
C*16:01	0.032886802030456845	0.02561	0.02561	0.02495833333333333	0.02495833333333333	
C*16:02	0.009237037037037037	0.0221	0.0221	0.0038857142857142853	0.0038857142857142853	
C*16:04	0.0034041322314049584	0.014425	0.014425	0.0004	0.0004	
C*16:06	1.1111111111111113e-05					
C*16:07	0.0					
C*16:08	0.00017142857142857143					
C*16:09	0.0028	0.006999999999999999	0.006999999999999999			
C*16:10	3.333333333333333e-05					
C*16:11	0.0					
C*16:12	5E-05					
C*16:13	0.0					
C*16:14	0.0					
C*16:15	0.0					
C*16:16	0.0					
C*16:17	0.0					
C*16:18	0.0					
C*16:19	0.0					
C*16:21	0.0					
C*16:22	0.0					
C*16:26	0.0					
C*16:27	0.0					
C*16:35	0.0					
C*16:46	0.00265	0.0003	0.0003			
C*16:85	0.0					
C*17	0.01616041666666667	0.0373	0.0373			
C*17:01	0.020485465116279068	0.029750000000000006	0.029750000000000006	0.008077777777777776	0.008077777777777776	
C*17:02	0.000575	0.0025	0.0025	0.0	0.0	
C*17:03	0.007664	0.021650000000000003	0.021650000000000003			
C*17:04	0.00017142857142857143					
C*17:05	0.0					
C*17:06	0.0					
C*17:28	0.0	0.0	0.0			
C*17:38	0.0003					
C*18	0.003117543859649123	0.0051	0.0051			
C*18:01	0.008756862745098041	0.004616666666666667	0.004616666666666667	0.00134	0.00134	
C*18:02	0.002272222222222223	0.006999999999999999	0.006999999999999999	0.0	0.0	
C*18:03	3.333333333333333e-05					
C*18:04	0.0032	0.0032	0.0032			
C*18:06	0.0	0.0	0.0			
A*01		0.11504210526315788	0.11504210526315788	0.0246	0.0246	0.1238763440860215
A*30:02		0.03485714285714285	0.03485714285714285	0.009664285714285712	0.009664285714285712	0.008381999999999999
A*30:03		0.0008	0.0008	0.0	0.0	0.0
A*30:04		0.013023076923076922	0.013023076923076922	0.0032285714285714287	0.0032285714285714287	0.0026658536585365857
A*30:06		0.00315	0.00315	0.0	0.0	0.0
A*30:07		0.0	0.0	0.0	0.0	0.0
A*30:08		3.333333333333333e-05	3.333333333333333e-05			0.0
A*30:09		5E-05	5E-05			0.0
A*30:10		0.0016833333333333336	0.0016833333333333336	2	2	6.666666666666667e-05
A*30:11		0.0016	0.0016			0.0
A*30:15		0.0	0.0			0.0
A*30:16		2	2			0.0
A*30:25		0.0016	0.0016			0.0
A*30:26		0.0	0.0			0.0
A*30:29		0.0	0.0			0.0
A*30:34		0.0032	0.0032			
A*30:76		0.0	0.0			
A*31		0.02755625	0.02755625	0.1317	0.1317	0.025029347826086956
A*31:01		0.0278	0.0278	0.0971185185185185	0.0971185185185185	0.0256125
A*31:02		0.0	0.0	0.0	0.0	0.0005125
A*31:03		0.0275	0.0275	0.0	0.0	0.0
A*31:04		0.0007999999999999999	0.0007999999999999999	0.0	0.0	0.00014285714285714287
A*31:05		0.0	0.0			0.0
A*31:06		0.0	0.0			0.0
A*31:08		0.0365	0.0365			0.00032500000000000004
A*31:09		0.00315	0.00315	0.002575	0.002575	0.0
A*31:16		0.0001	0.0001			0.0
A*31:30		0.0032	0.0032			0.0005
A*31:41		0.0063	0.0063			
A*32		0.04431111111111112	0.04431111111111112	0.004059999999999999	0.004059999999999999	0.03976703296703297
A*32:01		0.04726	0.04726	0.014053333333333331	0.014053333333333331	0.03686274509803921
A*32:02		0.00125	0.00125	0.0	0.0	0.000925
A*32:03		5E-05	5E-05	0.0	0.0	0.0002666666666666666
A*32:04		0.0	0.0	0.0001	0.0001	0.00057
A*32:05		0.0	0.0			0.0
A*32:06		1	1			0.0
A*32:07		0.0	0.0	0.0	0.0	0.0
A*32:18		0.0	0.0			0.0
A*32:20		0.0	0.0	0.0	0.0	0.0001
A*32:22		0.0	0.0			0.0002
A*32:28		0.0032	0.0032			
A*33		0.04268947368421053	0.04268947368421053	0.014025	0.014025	0.024207692307692312
A*33:01		0.02796153846153846	0.02796153846153846	0.01205333333333333	0.01205333333333333	0.011434042553191493
A*33:03		0.01566923076923077	0.01566923076923077	0.0075000000000000015	0.0075000000000000015	0.005739534883720932
A*33:04		0.0	0.0	1	1	0.0
A*33:05		0.0	0.0	0.0	0.0	0.0008444444444444443
A*33:06		0.0	0.0			0.0
A*33:10		0.0032	0.0032			0.0002333333333333333
A*33:16		0.0	0.0			0.0
A*33:17		0.0	0.0			0.0
A*33:36		0.0	0.0			
A*34		0.006850000000000001	0.006850000000000001	0.0	0.0	0.002712121212121212
A*34:01		0.001885714285714285	0.001885714285714285	0.00030000000000000003	0.00030000000000000003	7.058823529411764e-05
A*34:02		0.011269230769230773	0.011269230769230773	0.002871428571428571	0.002871428571428571	0.0018333333333333333
A*34:03		0.0	0.0			0.0
A*34:05		0.0001	0.0001	1	1	0.0
A*34:06		0.0	0.0			0.0
A*36		0.00242	0.00242	0.0	0.0	0.0016629629629629627
A*36:01		0.01036	0.01036	0.0032142857142857147	0.0032142857142857147	0.00037083333333333337
A*36:02		0.0	0.0			1.4285714285714289e-05
A*36:03		0.0	0.0			0.0
A*36:04		0.00315	0.00315			0.0
A*43		0.0	0.0	0.0	0.0	0.0004166666666666668
A*43:01		0.0	0.0	0.0	0.0	0.0
A*66		0.0075133333333333345	0.0075133333333333345	0.01088	0.01088	0.005763513513513514
A*66:01		0.014328571428571432	0.014328571428571432	0.0051111111111111105	0.0051111111111111105	0.005929166666666667
A*66:02		7.999999999999999e-05	7.999999999999999e-05	0.0013	0.0013	0.0002833333333333333
A*66:03		2.5e-05	2.5e-05	0.0003333333333333333	0.0003333333333333333	0.0
A*66:05		0.0032	0.0032			0.0
A*68		0.051325	0.051325	0.17335	0.17335	0.0451641304347826
A*68:01		0.02755	0.02755	0.09084333333333333	0.09084333333333333	0.0249
A*68:02		0.02036363636363636	0.02036363636363636	0.032933333333333335	0.032933333333333335	0.011147916666666669
A*68:03		0.0005666666666666668	0.0005666666666666668	0.04006363636363637	0.04006363636363637	0.0006578947368421052
A*68:04		0.0	0.0	0.0	0.0	0.0
A*68:05		0.0	0.0	0.007574999999999998	0.007574999999999998	0.0
A*68:06		0.0	0.0	0.006183333333333332	0.006183333333333332	0.0
A*68:07		0.0	0.0	0.0	0.0	0.0
A*68:08		0.0	0.0	0.0	0.0	1.25e-05
A*68:09		0.0016	0.0016	0.0	0.0	1.4285714285714289e-05
A*68:10		0.0	0.0			0.0
A*68:11		0.0016	0.0016			0.0
A*68:12		0.0	0.0			8.181818181818183e-05
A*68:13		0.0	0.0			2.5e-05
A*68:14		0.0	0.0			0.0
A*68:15		0.0016	0.0016	0.0	0.0	0.0
A*68:16		0.0	0.0	0.0238	0.0238	0.0
A*68:17		0.0	0.0			1.4285714285714289e-05
A*68:18		0.0	0.0			6.666666666666667e-05
A*68:19		0.0	0.0	0.0096	0.0096	0.0
A*68:20		0.0	0.0	1	1	0.0
A*68:24		0.0	0.0			7.77777777777778e-05
A*68:38		0.0	0.0			5E-05
A*68:42		0.0016	0.0016			0.0
A*69		0.015457142857142859	0.015457142857142859	0.012675	0.012675	0.0034628571428571434
A*69:01		0.010692857142857145	0.010692857142857145	0.003957142857142858	0.003957142857142858	0.002578947368421053
A*74		0.007030769230769231	0.007030769230769231	0.0044	0.0044	0.0017136363636363636
A*74:01		0.0101625	0.0101625	0.004842857142857143	0.004842857142857143	0.000873076923076923
A*74:02		0.0	0.0	0.0	0.0	0.0
A*74:03		0.004228571428571428	0.004228571428571428	0.0020333333333333336	0.0020333333333333336	0.0009999999999999998
A*74:04		0.0	0.0			0.0
A*74:06		0.0	0.0			6.25e-05
A*74:13		0.0032	0.0032			0.0
A*74:16		0.0	0.0			
A*80		2	2	0.0	0.0	0.0008571428571428571
A*80:01		0.00485	0.00485	0.0030375	0.0030375	0.0004733333333333334
A*31:12				0.0232	0.0232	0.0
A*31:24				0.0	0.0	0.0
A*31:11				2	2	0.0
A*33:12				0.0	0.0	0.0
A*33:18				0.0192	0.0192	0.0
A*68:23				0.0077	0.0077	0.0
A*68:28				0.0	0.0	0.0
A*68:30				69	69	0.0
A*68:31				0.0	0.0	0.0
A*68:73				0.0	0.0	
A*74:07				0.0	0.0	0.0
A*30:12						1.6666666666666667e-05
A*30:13						0.0
A*30:14						0.0
A*30:17						0.0
A*30:18						0.0
A*30:19						0.0
A*30:20						0.0
A*30:22						0.0
A*30:23						0.0
A*30:24						0.0
A*30:27						0.0
A*30:28						0.0
A*30:30						0.0
A*30:44						0.0
A*30:82						0.0
A*31:07						0.0
A*31:10						0.0
A*31:13						0.0
A*31:14						0.0
A*31:15						0.0
A*31:17						0.0
A*31:18						0.0
A*31:19						0.0
A*31:20						0.0
A*31:21						0.0
A*31:22						0.0
A*31:23						0.0
A*31:26						3.333333333333333e-05
A*31:36						0.0
A*31:40						0.0
A*31:48						0.0
A*32:08						0.0002
A*32:09						0.0
A*32:10						0.0
A*32:11						0.0
A*32:12						0.0
A*32:13						5E-05
A*32:14						0.0
A*32:15						0.0
A*32:16						0.0
A*32:17						0.0
A*32:19						0.0
A*32:25						0.0
A*33:07						0.0
A*33:08						0.0
A*33:09						0.0
A*33:11						0.0
A*33:13						5E-05
A*33:14						0.0
A*33:15						0.0
A*33:19						0.0
A*33:20						0.0
A*33:21						0.0
A*33:22						0.0
A*33:23						0.0
A*33:24						0.0
A*33:26						0.0002
A*33:43						0.0
A*34:04						0.0
A*34:07						0.0
A*34:08						0.0
A*66:04						0.0
A*66:06						0.0
A*66:07						0.0
A*66:08						0.0
A*66:17						0.0001
A*68:21						0.0
A*68:22						0.0
A*68:25						0.0
A*68:26						2.5e-05
A*68:27						0.0
A*68:29						0.0
A*68:32						0.0
A*68:33						0.0
A*68:34						0.0
A*68:35						0.0
A*68:36						0.0
A*68:37						3.333333333333333e-05
A*68:39						0.0
A*68:40						0.0
A*68:41						0.0
A*68:43						0.0
A*68:44						0.0
A*68:45						0.0
A*68:46						0.0
A*68:65						0.0
A*74:05						0.0
A*74:08						0.0
A*74:09						0.0
A*74:10						0.0
